name,full_name,html_url,clone_url,stars,created_at,size_kb
JavaGuide,Snailclimb/JavaGuide,https://github.com/Snailclimb/JavaGuide,https://github.com/Snailclimb/JavaGuide.git,154500,2018-05-07T13:27:00Z,180304
hello-algo,krahets/hello-algo,https://github.com/krahets/hello-algo,https://github.com/krahets/hello-algo.git,124103,2022-11-04T11:08:34Z,411578
GitHub-Chinese-Top-Charts,GrowingGit/GitHub-Chinese-Top-Charts,https://github.com/GrowingGit/GitHub-Chinese-Top-Charts,https://github.com/GrowingGit/GitHub-Chinese-Top-Charts.git,107122,2019-09-05T03:01:56Z,123199
java-design-patterns,iluwatar/java-design-patterns,https://github.com/iluwatar/java-design-patterns,https://github.com/iluwatar/java-design-patterns.git,93841,2014-08-09T16:45:18Z,47543
mall,macrozheng/mall,https://github.com/macrozheng/mall,https://github.com/macrozheng/mall.git,83244,2018-04-04T01:11:44Z,58728
spring-boot,spring-projects/spring-boot,https://github.com/spring-projects/spring-boot,https://github.com/spring-projects/spring-boot.git,80311,2012-10-19T15:02:57Z,213486
advanced-java,doocs/advanced-java,https://github.com/doocs/advanced-java,https://github.com/doocs/advanced-java.git,78922,2018-10-06T11:38:30Z,26635
LeetCodeAnimation,MisterBooo/LeetCodeAnimation,https://github.com/MisterBooo/LeetCodeAnimation,https://github.com/MisterBooo/LeetCodeAnimation.git,76703,2018-12-06T08:01:22Z,509807
elasticsearch,elastic/elasticsearch,https://github.com/elastic/elasticsearch,https://github.com/elastic/elasticsearch.git,76405,2010-02-08T13:20:56Z,1583015
ghidra,NationalSecurityAgency/ghidra,https://github.com/NationalSecurityAgency/ghidra,https://github.com/NationalSecurityAgency/ghidra.git,66225,2019-03-01T03:27:48Z,404364
Java,TheAlgorithms/Java,https://github.com/TheAlgorithms/Java,https://github.com/TheAlgorithms/Java.git,65283,2016-07-16T10:21:02Z,6889
interviews,kdn251/interviews,https://github.com/kdn251/interviews,https://github.com/kdn251/interviews.git,64938,2017-02-14T18:19:25Z,24462
spring-framework,spring-projects/spring-framework,https://github.com/spring-projects/spring-framework,https://github.com/spring-projects/spring-framework.git,59780,2010-12-08T04:04:45Z,241615
termux-app,termux/termux-app,https://github.com/termux/termux-app,https://github.com/termux/termux-app.git,52543,2015-10-23T09:42:46Z,5123
guava,google/guava,https://github.com/google/guava,https://github.com/google/guava.git,51508,2014-05-29T16:23:17Z,1354074
dbeaver,dbeaver/dbeaver,https://github.com/dbeaver/dbeaver,https://github.com/dbeaver/dbeaver.git,49301,2015-10-21T08:26:28Z,212203
RxJava,ReactiveX/RxJava,https://github.com/ReactiveX/RxJava,https://github.com/ReactiveX/RxJava.git,48467,2013-01-08T20:11:48Z,161896
jadx,skylot/jadx,https://github.com/skylot/jadx,https://github.com/skylot/jadx.git,47819,2013-03-18T17:08:21Z,25395
JeecgBoot,jeecgboot/JeecgBoot,https://github.com/jeecgboot/JeecgBoot,https://github.com/jeecgboot/JeecgBoot.git,45590,2018-11-26T10:40:00Z,94109
dubbo,apache/dubbo,https://github.com/apache/dubbo,https://github.com/apache/dubbo.git,41711,2012-06-19T07:56:02Z,61518
MPAndroidChart,PhilJay/MPAndroidChart,https://github.com/PhilJay/MPAndroidChart,https://github.com/PhilJay/MPAndroidChart.git,38229,2014-04-25T14:29:47Z,21593
halo,halo-dev/halo,https://github.com/halo-dev/halo,https://github.com/halo-dev/halo.git,38156,2018-03-21T12:56:52Z,83809
NewPipe,TeamNewPipe/NewPipe,https://github.com/TeamNewPipe/NewPipe,https://github.com/TeamNewPipe/NewPipe.git,37667,2015-09-03T23:39:26Z,87498
tutorials,eugenp/tutorials,https://github.com/eugenp/tutorials,https://github.com/eugenp/tutorials.git,37348,2013-04-29T18:26:36Z,118823
arthas,alibaba/arthas,https://github.com/alibaba/arthas,https://github.com/alibaba/arthas.git,37214,2018-08-29T17:15:57Z,65957
ruoyi-vue-pro,YunaiV/ruoyi-vue-pro,https://github.com/YunaiV/ruoyi-vue-pro,https://github.com/YunaiV/ruoyi-vue-pro.git,36054,2021-01-24T03:18:25Z,186923
hello-algorithm,geekxh/hello-algorithm,https://github.com/geekxh/hello-algorithm,https://github.com/geekxh/hello-algorithm.git,36039,2020-05-29T05:47:09Z,365053
leetcode,doocs/leetcode,https://github.com/doocs/leetcode,https://github.com/doocs/leetcode.git,35825,2018-09-16T14:03:03Z,750992
lottie-android,airbnb/lottie-android,https://github.com/airbnb/lottie-android,https://github.com/airbnb/lottie-android.git,35602,2016-10-06T22:42:42Z,137398
awesome-system-design-resources,ashishps1/awesome-system-design-resources,https://github.com/ashishps1/awesome-system-design-resources,https://github.com/ashishps1/awesome-system-design-resources.git,35587,2023-10-25T01:50:42Z,2340
glide,bumptech/glide,https://github.com/bumptech/glide,https://github.com/bumptech/glide.git,35032,2013-07-08T22:52:33Z,97797
netty,netty/netty,https://github.com/netty/netty,https://github.com/netty/netty.git,34898,2010-11-09T09:22:21Z,109018
selenium,SeleniumHQ/selenium,https://github.com/SeleniumHQ/selenium,https://github.com/SeleniumHQ/selenium.git,34185,2013-01-14T21:40:56Z,2332239
spring-boot-demo,xkcoding/spring-boot-demo,https://github.com/xkcoding/spring-boot-demo,https://github.com/xkcoding/spring-boot-demo.git,34110,2017-11-10T06:27:29Z,14194
zxing,zxing/zxing,https://github.com/zxing/zxing,https://github.com/zxing/zxing.git,33903,2011-10-12T14:07:27Z,243354
easyexcel,alibaba/easyexcel,https://github.com/alibaba/easyexcel,https://github.com/alibaba/easyexcel.git,33770,2018-02-06T03:14:08Z,26334
AndroidUtilCode,Blankj/AndroidUtilCode,https://github.com/Blankj/AndroidUtilCode,https://github.com/Blankj/AndroidUtilCode.git,33708,2016-07-30T18:18:32Z,47329
keycloak,keycloak/keycloak,https://github.com/keycloak/keycloak,https://github.com/keycloak/keycloak.git,33595,2013-07-02T13:38:51Z,582738
nacos,alibaba/nacos,https://github.com/alibaba/nacos,https://github.com/alibaba/nacos.git,32764,2018-06-15T06:49:27Z,84575
WxJava,binarywang/WxJava,https://github.com/binarywang/WxJava,https://github.com/binarywang/WxJava.git,32674,2016-01-06T08:24:05Z,20022
kafka,apache/kafka,https://github.com/apache/kafka,https://github.com/apache/kafka.git,32242,2011-08-15T18:06:16Z,281937
conductor,conductor-oss/conductor,https://github.com/conductor-oss/conductor,https://github.com/conductor-oss/conductor.git,31573,2023-12-08T06:06:09Z,36191
spring-boot-examples,ityouknow/spring-boot-examples,https://github.com/ityouknow/spring-boot-examples,https://github.com/ityouknow/spring-boot-examples.git,30637,2016-11-05T05:32:33Z,1074
hutool,chinabugotech/hutool,https://github.com/chinabugotech/hutool,https://github.com/chinabugotech/hutool.git,30327,2014-04-13T07:23:51Z,74830
xxl-job,xuxueli/xxl-job,https://github.com/xuxueli/xxl-job,https://github.com/xuxueli/xxl-job.git,29995,2015-11-28T12:59:34Z,38766
apollo,apolloconfig/apollo,https://github.com/apolloconfig/apollo,https://github.com/apolloconfig/apollo.git,29767,2016-03-04T10:24:23Z,57256
canal,alibaba/canal,https://github.com/alibaba/canal,https://github.com/alibaba/canal.git,29647,2013-01-13T10:59:52Z,24243
SmartTube,yuliskov/SmartTube,https://github.com/yuliskov/SmartTube,https://github.com/yuliskov/SmartTube.git,29114,2020-07-28T12:53:52Z,104125
spring-cloud-alibaba,alibaba/spring-cloud-alibaba,https://github.com/alibaba/spring-cloud-alibaba,https://github.com/alibaba/spring-cloud-alibaba.git,29083,2017-12-01T20:49:15Z,56706
SpringAll,wuyouzhuguli/SpringAll,https://github.com/wuyouzhuguli/SpringAll,https://github.com/wuyouzhuguli/SpringAll.git,29011,2018-05-02T02:48:44Z,1069
Telegram,DrKLO/Telegram,https://github.com/DrKLO/Telegram,https://github.com/DrKLO/Telegram.git,28764,2013-10-25T14:08:10Z,641019
druid,alibaba/druid,https://github.com/alibaba/druid,https://github.com/alibaba/druid.git,28211,2011-11-03T05:12:51Z,93933
vhr,lenve/vhr,https://github.com/lenve/vhr,https://github.com/lenve/vhr.git,28100,2018-01-04T08:57:51Z,8480
Mindustry,Anuken/Mindustry,https://github.com/Anuken/Mindustry,https://github.com/Anuken/Mindustry.git,27046,2017-04-30T01:24:29Z,1914621
JCSprout,crossoverJie/JCSprout,https://github.com/crossoverJie/JCSprout,https://github.com/crossoverJie/JCSprout.git,26999,2017-12-17T09:06:50Z,1191
kestra,kestra-io/kestra,https://github.com/kestra-io/kestra,https://github.com/kestra-io/kestra.git,26609,2019-08-24T13:56:15Z,104171
miaosha,qiurunze123/miaosha,https://github.com/qiurunze123/miaosha,https://github.com/qiurunze123/miaosha.git,26606,2018-09-14T04:36:24Z,65716
openapi-generator,OpenAPITools/openapi-generator,https://github.com/OpenAPITools/openapi-generator,https://github.com/OpenAPITools/openapi-generator.git,26035,2018-05-12T09:57:56Z,967921
incubator-seata,apache/incubator-seata,https://github.com/apache/incubator-seata,https://github.com/apache/incubator-seata.git,25965,2018-12-28T08:37:22Z,31135
flink,apache/flink,https://github.com/apache/flink,https://github.com/apache/flink.git,25902,2014-06-07T07:00:10Z,543337
fastjson,alibaba/fastjson,https://github.com/alibaba/fastjson,https://github.com/alibaba/fastjson.git,25701,2011-11-03T06:58:52Z,15513
toBeTopJavaer,hollischuang/toBeTopJavaer,https://github.com/hollischuang/toBeTopJavaer,https://github.com/hollischuang/toBeTopJavaer.git,25458,2018-10-25T09:54:54Z,8004
butterknife,JakeWharton/butterknife,https://github.com/JakeWharton/butterknife,https://github.com/JakeWharton/butterknife.git,25413,2013-03-05T08:18:59Z,3909
Chat2DB,CodePhiliaX/Chat2DB,https://github.com/CodePhiliaX/Chat2DB,https://github.com/CodePhiliaX/Chat2DB.git,25289,2023-06-20T14:05:26Z,18790
bazel,bazelbuild/bazel,https://github.com/bazelbuild/bazel,https://github.com/bazelbuild/bazel.git,25266,2014-06-12T16:00:38Z,1002824
SmartRefreshLayout,scwang90/SmartRefreshLayout,https://github.com/scwang90/SmartRefreshLayout,https://github.com/scwang90/SmartRefreshLayout.git,25173,2017-06-02T09:52:50Z,274026
jenkins,jenkinsci/jenkins,https://github.com/jenkinsci/jenkins,https://github.com/jenkinsci/jenkins.git,25134,2010-11-22T21:21:23Z,170823
libgdx,libgdx/libgdx,https://github.com/libgdx/libgdx,https://github.com/libgdx/libgdx.git,24951,2012-08-10T19:34:38Z,1106690
proxyee-down,proxyee-down-org/proxyee-down,https://github.com/proxyee-down-org/proxyee-down,https://github.com/proxyee-down-org/proxyee-down.git,24787,2017-10-25T10:07:27Z,26864
skywalking,apache/skywalking,https://github.com/apache/skywalking,https://github.com/apache/skywalking.git,24766,2015-11-07T03:30:36Z,175216
EventBus,greenrobot/EventBus,https://github.com/greenrobot/EventBus,https://github.com/greenrobot/EventBus.git,24746,2012-07-16T16:55:40Z,1742
Hystrix,Netflix/Hystrix,https://github.com/Netflix/Hystrix,https://github.com/Netflix/Hystrix.git,24466,2012-11-19T20:14:46Z,9828
gson,google/gson,https://github.com/google/gson,https://github.com/google/gson.git,24351,2015-03-19T18:21:20Z,13889
redisson,redisson/redisson,https://github.com/redisson/redisson,https://github.com/redisson/redisson.git,24278,2014-01-11T14:06:25Z,34800
Apktool,iBotPeaches/Apktool,https://github.com/iBotPeaches/Apktool,https://github.com/iBotPeaches/Apktool.git,24153,2012-03-19T17:46:53Z,337636
dataease,dataease/dataease,https://github.com/dataease/dataease,https://github.com/dataease/dataease.git,23681,2021-02-02T04:10:21Z,320629
FizzBuzzEnterpriseEdition,EnterpriseQualityCoding/FizzBuzzEnterpriseEdition,https://github.com/EnterpriseQualityCoding/FizzBuzzEnterpriseEdition,https://github.com/EnterpriseQualityCoding/FizzBuzzEnterpriseEdition.git,23570,2012-11-24T00:14:41Z,340
LSPosed,LSPosed/LSPosed,https://github.com/LSPosed/LSPosed,https://github.com/LSPosed/LSPosed.git,23252,2020-12-12T08:39:37Z,21605
source-code-hunter,doocs/source-code-hunter,https://github.com/doocs/source-code-hunter,https://github.com/doocs/source-code-hunter.git,23137,2019-10-28T01:35:10Z,103137
Sentinel,alibaba/Sentinel,https://github.com/alibaba/Sentinel,https://github.com/alibaba/Sentinel.git,23105,2018-04-04T06:37:33Z,8599
awesome-low-level-design,ashishps1/awesome-low-level-design,https://github.com/ashishps1/awesome-low-level-design,https://github.com/ashishps1/awesome-low-level-design.git,22931,2023-11-17T10:15:12Z,15707
jdk,openjdk/jdk,https://github.com/openjdk/jdk,https://github.com/openjdk/jdk.git,22742,2018-09-17T12:29:20Z,1429994
rocketmq,apache/rocketmq,https://github.com/apache/rocketmq,https://github.com/apache/rocketmq.git,22387,2016-11-30T08:00:08Z,45616
DSA-Bootcamp-Java,kunal-kushwaha/DSA-Bootcamp-Java,https://github.com/kunal-kushwaha/DSA-Bootcamp-Java,https://github.com/kunal-kushwaha/DSA-Bootcamp-Java.git,22379,2021-07-30T12:23:25Z,101640
ExoPlayer,google/ExoPlayer,https://github.com/google/ExoPlayer,https://github.com/google/ExoPlayer.git,21935,2014-06-13T21:19:18Z,483311
eladmin,elunez/eladmin,https://github.com/elunez/eladmin,https://github.com/elunez/eladmin.git,21934,2018-12-14T08:54:24Z,7511
graal,oracle/graal,https://github.com/oracle/graal,https://github.com/oracle/graal.git,21532,2016-01-14T17:11:35Z,496962
GSYVideoPlayer,CarGuo/GSYVideoPlayer,https://github.com/CarGuo/GSYVideoPlayer,https://github.com/CarGuo/GSYVideoPlayer.git,21430,2016-11-13T12:34:31Z,359690
thingsboard,thingsboard/thingsboard,https://github.com/thingsboard/thingsboard,https://github.com/thingsboard/thingsboard.git,21427,2016-12-01T09:33:30Z,341054
HikariCP,brettwooldridge/HikariCP,https://github.com/brettwooldridge/HikariCP,https://github.com/brettwooldridge/HikariCP.git,21074,2013-10-08T05:43:03Z,5042
shardingsphere,apache/shardingsphere,https://github.com/apache/shardingsphere,https://github.com/apache/shardingsphere.git,20703,2016-01-18T12:49:26Z,688709
DoKit,didi/DoKit,https://github.com/didi/DoKit,https://github.com/didi/DoKit.git,20434,2018-08-14T10:32:07Z,58616
mybatis-3,mybatis/mybatis-3,https://github.com/mybatis/mybatis-3,https://github.com/mybatis/mybatis-3.git,20402,2013-02-14T19:03:32Z,158575
litemall,linlinjava/litemall,https://github.com/linlinjava/litemall,https://github.com/linlinjava/litemall.git,20208,2018-03-22T16:42:30Z,24604
RxAndroid,ReactiveX/RxAndroid,https://github.com/ReactiveX/RxAndroid,https://github.com/ReactiveX/RxAndroid.git,20181,2014-08-19T03:46:38Z,1052
SpringBoot-Labs,yudaocode/SpringBoot-Labs,https://github.com/yudaocode/SpringBoot-Labs,https://github.com/yudaocode/SpringBoot-Labs.git,20076,2018-09-12T14:51:46Z,1813
intellij-community,JetBrains/intellij-community,https://github.com/JetBrains/intellij-community,https://github.com/JetBrains/intellij-community.git,19877,2011-09-30T13:33:05Z,5667842
cat,dianping/cat,https://github.com/dianping/cat,https://github.com/dianping/cat.git,18970,2012-12-05T02:31:48Z,114117
ip2region,lionsoul2014/ip2region,https://github.com/lionsoul2014/ip2region,https://github.com/lionsoul2014/ip2region.git,18873,2015-11-02T00:43:13Z,213237
PhotoView,Baseflow/PhotoView,https://github.com/Baseflow/PhotoView,https://github.com/Baseflow/PhotoView.git,18859,2012-07-17T16:39:00Z,16896
antlr4,antlr/antlr4,https://github.com/antlr/antlr4,https://github.com/antlr/antlr4.git,18809,2010-02-04T01:36:28Z,70649
yudao-cloud,YunaiV/yudao-cloud,https://github.com/YunaiV/yudao-cloud,https://github.com/YunaiV/yudao-cloud.git,18712,2019-05-02T16:06:49Z,48604
Sa-Token,dromara/Sa-Token,https://github.com/dromara/Sa-Token,https://github.com/dromara/Sa-Token.git,18709,2020-02-03T10:34:29Z,9670
Algorithms,williamfiset/Algorithms,https://github.com/williamfiset/Algorithms,https://github.com/williamfiset/Algorithms.git,18542,2017-03-18T02:50:46Z,1297949
APIJSON,Tencent/APIJSON,https://github.com/Tencent/APIJSON,https://github.com/Tencent/APIJSON.git,18409,2016-11-21T12:03:29Z,73605
disruptor,LMAX-Exchange/disruptor,https://github.com/LMAX-Exchange/disruptor,https://github.com/LMAX-Exchange/disruptor.git,18272,2012-09-21T13:42:24Z,10129
SpringCloudLearning,forezp/SpringCloudLearning,https://github.com/forezp/SpringCloudLearning,https://github.com/forezp/SpringCloudLearning.git,17978,2017-04-08T10:06:56Z,582
tinker,Tencent/tinker,https://github.com/Tencent/tinker,https://github.com/Tencent/tinker.git,17820,2016-09-06T06:57:52Z,7399
caffeine,ben-manes/caffeine,https://github.com/ben-manes/caffeine,https://github.com/ben-manes/caffeine.git,17575,2014-12-13T08:45:11Z,110735
analysis-ik,infinilabs/analysis-ik,https://github.com/infinilabs/analysis-ik,https://github.com/infinilabs/analysis-ik.git,17433,2011-12-16T09:01:45Z,15495
zipkin,openzipkin/zipkin,https://github.com/openzipkin/zipkin,https://github.com/openzipkin/zipkin.git,17419,2012-06-06T18:26:16Z,77833
JustAuth,justauth/JustAuth,https://github.com/justauth/JustAuth,https://github.com/justauth/JustAuth.git,17415,2019-01-31T09:42:20Z,9626
mybatis-plus,baomidou/mybatis-plus,https://github.com/baomidou/mybatis-plus,https://github.com/baomidou/mybatis-plus.git,17327,2016-08-18T10:06:53Z,32051
tech-interview-for-developer,gyoogle/tech-interview-for-developer,https://github.com/gyoogle/tech-interview-for-developer,https://github.com/gyoogle/tech-interview-for-developer.git,17231,2019-06-09T04:42:57Z,6616
material-components-android,material-components/material-components-android,https://github.com/material-components/material-components-android,https://github.com/material-components/material-components-android.git,17218,2016-12-05T16:11:29Z,183118
fresco,facebook/fresco,https://github.com/facebook/fresco,https://github.com/facebook/fresco.git,17164,2015-03-02T09:58:04Z,79833
DataX,alibaba/DataX,https://github.com/alibaba/DataX,https://github.com/alibaba/DataX.git,17147,2018-01-18T10:09:47Z,22958
Android-Universal-Image-Loader,nostra13/Android-Universal-Image-Loader,https://github.com/nostra13/Android-Universal-Image-Loader,https://github.com/nostra13/Android-Universal-Image-Loader.git,17057,2011-11-27T18:48:23Z,27133
BigData-Notes,heibaiying/BigData-Notes,https://github.com/heibaiying/BigData-Notes,https://github.com/heibaiying/BigData-Notes.git,16882,2019-03-10T01:40:01Z,24052
questdb,questdb/questdb,https://github.com/questdb/questdb,https://github.com/questdb/questdb.git,16790,2014-04-28T23:29:15Z,1609305
java8-tutorial,winterbe/java8-tutorial,https://github.com/winterbe/java8-tutorial,https://github.com/winterbe/java8-tutorial.git,16768,2014-03-16T17:25:43Z,149
Grasscutter,Grasscutters/Grasscutter,https://github.com/Grasscutters/Grasscutter,https://github.com/Grasscutters/Grasscutter.git,16768,2022-04-17T12:43:46Z,101502
zheng,shuzheng/zheng,https://github.com/shuzheng/zheng,https://github.com/shuzheng/zheng.git,16702,2016-10-04T10:07:06Z,41267
presto,prestodb/presto,https://github.com/prestodb/presto,https://github.com/prestodb/presto.git,16668,2012-08-09T01:03:37Z,273109
springboot-learning-example,JeffLi1993/springboot-learning-example,https://github.com/JeffLi1993/springboot-learning-example,https://github.com/JeffLi1993/springboot-learning-example.git,16592,2017-02-06T07:02:25Z,407
neo4j,neo4j/neo4j,https://github.com/neo4j/neo4j,https://github.com/neo4j/neo4j.git,16190,2012-11-12T08:46:15Z,697200
awesome-leetcode-resources,ashishps1/awesome-leetcode-resources,https://github.com/ashishps1/awesome-leetcode-resources,https://github.com/ashishps1/awesome-leetcode-resources.git,16094,2023-10-25T01:48:19Z,264
VirtualXposed,android-hacker/VirtualXposed,https://github.com/android-hacker/VirtualXposed,https://github.com/android-hacker/VirtualXposed.git,15989,2017-12-01T09:00:58Z,49794
SpringBoot-Learning,dyc87112/SpringBoot-Learning,https://github.com/dyc87112/SpringBoot-Learning,https://github.com/dyc87112/SpringBoot-Learning.git,15788,2016-08-21T03:39:06Z,34384
quarkus,quarkusio/quarkus,https://github.com/quarkusio/quarkus,https://github.com/quarkusio/quarkus.git,15563,2018-07-06T00:44:20Z,478848
Android-CleanArchitecture,android10/Android-CleanArchitecture,https://github.com/android10/Android-CleanArchitecture,https://github.com/android10/Android-CleanArchitecture.git,15561,2014-08-19T14:09:26Z,5191
hadoop,apache/hadoop,https://github.com/apache/hadoop,https://github.com/apache/hadoop.git,15509,2014-08-28T07:00:08Z,607430
bytecode-viewer,Konloch/bytecode-viewer,https://github.com/Konloch/bytecode-viewer,https://github.com/Konloch/bytecode-viewer.git,15460,2014-10-14T10:26:46Z,648688
mockito,mockito/mockito,https://github.com/mockito/mockito,https://github.com/mockito/mockito.git,15434,2012-10-13T20:27:12Z,49738
pulsar,apache/pulsar,https://github.com/apache/pulsar,https://github.com/apache/pulsar.git,15177,2016-06-28T07:00:03Z,258654
doris,apache/doris,https://github.com/apache/doris,https://github.com/apache/doris.git,15159,2017-08-10T12:13:30Z,1290235
jd-gui,java-decompiler/jd-gui,https://github.com/java-decompiler/jd-gui,https://github.com/java-decompiler/jd-gui.git,15060,2015-03-25T05:28:41Z,56989
flink-learning,zhisheng17/flink-learning,https://github.com/zhisheng17/flink-learning,https://github.com/zhisheng17/flink-learning.git,15057,2019-01-01T07:38:28Z,43760
supertokens-core,supertokens/supertokens-core,https://github.com/supertokens/supertokens-core,https://github.com/supertokens/supertokens-core.git,14988,2020-01-05T13:30:52Z,334518
zaproxy,zaproxy/zaproxy,https://github.com/zaproxy/zaproxy,https://github.com/zaproxy/zaproxy.git,14914,2015-06-03T16:55:01Z,201661
cryptomator,cryptomator/cryptomator,https://github.com/cryptomator/cryptomator,https://github.com/cryptomator/cryptomator.git,14842,2014-02-02T00:43:47Z,33974
logstash,elastic/logstash,https://github.com/elastic/logstash,https://github.com/elastic/logstash.git,14816,2010-11-18T01:31:50Z,133612
onedev,theonedev/onedev,https://github.com/theonedev/onedev,https://github.com/theonedev/onedev.git,14808,2018-11-06T02:57:01Z,233243
vert.x,eclipse-vertx/vert.x,https://github.com/eclipse-vertx/vert.x,https://github.com/eclipse-vertx/vert.x.git,14658,2011-06-17T14:54:55Z,124720
Arduino,arduino/Arduino,https://github.com/arduino/Arduino,https://github.com/arduino/Arduino.git,14553,2010-09-17T19:10:36Z,1387855
CircleImageView,hdodenhof/CircleImageView,https://github.com/hdodenhof/CircleImageView,https://github.com/hdodenhof/CircleImageView.git,14543,2014-01-17T16:44:46Z,1003
QMUI_Android,Tencent/QMUI_Android,https://github.com/Tencent/QMUI_Android,https://github.com/Tencent/QMUI_Android.git,14522,2017-04-21T10:03:18Z,21963
ARouter,alibaba/ARouter,https://github.com/alibaba/ARouter,https://github.com/alibaba/ARouter.git,14501,2016-12-14T01:27:49Z,26589
jib,GoogleContainerTools/jib,https://github.com/GoogleContainerTools/jib,https://github.com/GoogleContainerTools/jib.git,14363,2018-01-22T18:30:43Z,16917
languagetool,languagetool-org/languagetool,https://github.com/languagetool-org/languagetool,https://github.com/languagetool-org/languagetool.git,14219,2013-08-08T16:37:22Z,6150035
deeplearning4j,deeplearning4j/deeplearning4j,https://github.com/deeplearning4j/deeplearning4j,https://github.com/deeplearning4j/deeplearning4j.git,14214,2013-11-27T02:03:28Z,782291
dolphinscheduler,apache/dolphinscheduler,https://github.com/apache/dolphinscheduler,https://github.com/apache/dolphinscheduler.git,14202,2019-03-01T16:39:25Z,222463
Java,DuGuQiuBai/Java,https://github.com/DuGuQiuBai/Java,https://github.com/DuGuQiuBai/Java.git,14196,2015-11-25T07:30:08Z,24346
kkFileView,kekingcn/kkFileView,https://github.com/kekingcn/kkFileView,https://github.com/kekingcn/kkFileView.git,14026,2017-12-12T11:41:08Z,664615
zuul,Netflix/zuul,https://github.com/Netflix/zuul,https://github.com/Netflix/zuul.git,13999,2013-03-13T18:53:57Z,6577
mit-deep-learning-book-pdf,janishar/mit-deep-learning-book-pdf,https://github.com/janishar/mit-deep-learning-book-pdf,https://github.com/janishar/mit-deep-learning-book-pdf.git,13969,2017-04-07T10:46:50Z,58474
druid,apache/druid,https://github.com/apache/druid,https://github.com/apache/druid.git,13967,2012-10-23T19:08:07Z,414872
xpipe,xpipe-io/xpipe,https://github.com/xpipe-io/xpipe,https://github.com/xpipe-io/xpipe.git,13913,2023-01-27T02:25:38Z,63517
piggymetrics,sqshq/piggymetrics,https://github.com/sqshq/piggymetrics,https://github.com/sqshq/piggymetrics.git,13882,2015-03-29T17:56:31Z,1512
logger,orhanobut/logger,https://github.com/orhanobut/logger,https://github.com/orhanobut/logger.git,13879,2015-03-20T22:30:12Z,1873
pinpoint,pinpoint-apm/pinpoint,https://github.com/pinpoint-apm/pinpoint,https://github.com/pinpoint-apm/pinpoint.git,13816,2014-10-20T09:27:22Z,269852
Material-Animations,lgvalle/Material-Animations,https://github.com/lgvalle/Material-Animations,https://github.com/lgvalle/Material-Animations.git,13799,2015-03-08T20:54:00Z,8692
spring-analysis,seaswalker/spring-analysis,https://github.com/seaswalker/spring-analysis,https://github.com/seaswalker/spring-analysis.git,13762,2016-09-09T07:46:32Z,4951
AndroidAutoSize,JessYanCoding/AndroidAutoSize,https://github.com/JessYanCoding/AndroidAutoSize,https://github.com/JessYanCoding/AndroidAutoSize.git,13748,2018-08-17T09:04:19Z,3131
PictureSelector,LuckSiege/PictureSelector,https://github.com/LuckSiege/PictureSelector,https://github.com/LuckSiege/PictureSelector.git,13595,2017-01-04T07:47:39Z,542078
tink,tink-crypto/tink,https://github.com/tink-crypto/tink,https://github.com/tink-crypto/tink.git,13559,2014-06-06T16:21:09Z,61010
Android-PickerView,Bigkoo/Android-PickerView,https://github.com/Bigkoo/Android-PickerView,https://github.com/Bigkoo/Android-PickerView.git,13469,2014-12-28T01:46:38Z,6389
lombok,projectlombok/lombok,https://github.com/projectlombok/lombok,https://github.com/projectlombok/lombok.git,13429,2009-06-08T19:46:41Z,81254
mall-learning,macrozheng/mall-learning,https://github.com/macrozheng/mall-learning,https://github.com/macrozheng/mall-learning.git,13366,2019-04-12T13:20:31Z,39420
dex2jar,pxb1988/dex2jar,https://github.com/pxb1988/dex2jar,https://github.com/pxb1988/dex2jar.git,13101,2015-03-16T09:13:07Z,8725
metersphere,metersphere/metersphere,https://github.com/metersphere/metersphere,https://github.com/metersphere/metersphere.git,13047,2020-02-03T02:06:12Z,421952
banner,youth5201314/banner,https://github.com/youth5201314/banner,https://github.com/youth5201314/banner.git,13039,2016-04-22T05:50:25Z,11310
COLA,alibaba/COLA,https://github.com/alibaba/COLA,https://github.com/alibaba/COLA.git,12920,2018-02-06T13:46:27Z,3828
mall-swarm,macrozheng/mall-swarm,https://github.com/macrozheng/mall-swarm,https://github.com/macrozheng/mall-swarm.git,12891,2019-11-25T06:55:31Z,54601
plantuml,plantuml/plantuml,https://github.com/plantuml/plantuml,https://github.com/plantuml/plantuml.git,12844,2010-11-04T15:55:50Z,750481
spring-boot-admin,codecentric/spring-boot-admin,https://github.com/codecentric/spring-boot-admin,https://github.com/codecentric/spring-boot-admin.git,12824,2014-07-25T11:39:13Z,92530
conductor,Netflix/conductor,https://github.com/Netflix/conductor,https://github.com/Netflix/conductor.git,12788,2016-12-07T22:48:42Z,29469
zookeeper,apache/zookeeper,https://github.com/apache/zookeeper,https://github.com/apache/zookeeper.git,12743,2009-03-27T15:41:56Z,154923
guice,google/guice,https://github.com/google/guice,https://github.com/google/guice.git,12733,2014-05-28T23:18:53Z,125316
GmsCore,microg/GmsCore,https://github.com/microg/GmsCore,https://github.com/microg/GmsCore.git,12714,2014-04-23T19:28:47Z,14796
stetho,facebook/stetho,https://github.com/facebook/stetho,https://github.com/facebook/stetho.git,12701,2015-01-22T22:34:10Z,2392
eureka,Netflix/eureka,https://github.com/Netflix/eureka,https://github.com/Netflix/eureka.git,12697,2012-07-26T22:23:07Z,12661
trino,trinodb/trino,https://github.com/trinodb/trino,https://github.com/trinodb/trino.git,12667,2019-01-19T06:38:14Z,294286
OpenSearch,opensearch-project/OpenSearch,https://github.com/opensearch-project/OpenSearch,https://github.com/opensearch-project/OpenSearch.git,12649,2021-01-29T22:10:00Z,604646
greenDAO,greenrobot/greenDAO,https://github.com/greenrobot/greenDAO,https://github.com/greenrobot/greenDAO.git,12617,2011-10-22T16:15:14Z,7353
Matisse,zhihu/Matisse,https://github.com/zhihu/Matisse,https://github.com/zhihu/Matisse.git,12564,2017-04-13T01:31:05Z,1991
debezium,debezium/debezium,https://github.com/debezium/debezium,https://github.com/debezium/debezium.git,12552,2016-01-22T20:17:05Z,78880
AndroidViewAnimations,daimajia/AndroidViewAnimations,https://github.com/daimajia/AndroidViewAnimations,https://github.com/daimajia/AndroidViewAnimations.git,12473,2014-06-23T03:53:13Z,297
lawnchair,LawnchairLauncher/lawnchair,https://github.com/LawnchairLauncher/lawnchair,https://github.com/LawnchairLauncher/lawnchair.git,12453,2017-03-03T13:12:58Z,738415
Mybatis-PageHelper,pagehelper-org/Mybatis-PageHelper,https://github.com/pagehelper-org/Mybatis-PageHelper,https://github.com/pagehelper-org/Mybatis-PageHelper.git,12383,2014-06-09T15:32:30Z,5351
AndroidSwipeLayout,daimajia/AndroidSwipeLayout,https://github.com/daimajia/AndroidSwipeLayout,https://github.com/daimajia/AndroidSwipeLayout.git,12382,2014-08-25T04:09:33Z,399
jedis,redis/jedis,https://github.com/redis/jedis,https://github.com/redis/jedis.git,12298,2010-06-11T13:04:43Z,17070
android-interview-questions,amitshekhariitbhu/android-interview-questions,https://github.com/amitshekhariitbhu/android-interview-questions,https://github.com/amitshekhariitbhu/android-interview-questions.git,12292,2017-07-09T18:47:24Z,1484
xManager,Team-xManager/xManager,https://github.com/Team-xManager/xManager,https://github.com/Team-xManager/xManager.git,12188,2021-02-08T11:31:10Z,4973
Aegis,beemdevelopment/Aegis,https://github.com/beemdevelopment/Aegis,https://github.com/beemdevelopment/Aegis.git,12178,2016-08-15T19:10:31Z,22815
uCrop,Yalantis/uCrop,https://github.com/Yalantis/uCrop,https://github.com/Yalantis/uCrop.git,12121,2016-01-05T13:41:06Z,64991
Paper,PaperMC/Paper,https://github.com/PaperMC/Paper,https://github.com/PaperMC/Paper.git,12041,2016-01-22T05:40:19Z,128693
matrix,Tencent/matrix,https://github.com/Tencent/matrix,https://github.com/Tencent/matrix.git,11999,2018-12-11T07:08:02Z,199709
grpc-java,grpc/grpc-java,https://github.com/grpc/grpc-java,https://github.com/grpc/grpc-java.git,11998,2014-12-08T19:00:00Z,121909
kafka-ui,provectus/kafka-ui,https://github.com/provectus/kafka-ui,https://github.com/provectus/kafka-ui.git,11985,2019-11-26T15:55:55Z,30382
VasSonic,Tencent/VasSonic,https://github.com/Tencent/VasSonic,https://github.com/Tencent/VasSonic.git,11879,2017-08-01T08:35:13Z,16215
OpenRefine,OpenRefine/OpenRefine,https://github.com/OpenRefine/OpenRefine,https://github.com/OpenRefine/OpenRefine.git,11788,2012-10-15T02:22:48Z,407254
datahub,datahub-project/datahub,https://github.com/datahub-project/datahub,https://github.com/datahub-project/datahub.git,11725,2015-11-18T05:47:40Z,568825
webmagic,code4craft/webmagic,https://github.com/code4craft/webmagic,https://github.com/code4craft/webmagic.git,11696,2013-04-23T12:57:36Z,17446
fullstack-tutorial,frank-lam/fullstack-tutorial,https://github.com/frank-lam/fullstack-tutorial,https://github.com/frank-lam/fullstack-tutorial.git,11695,2018-04-13T01:50:10Z,65725
joyagent-jdgenie,jd-opensource/joyagent-jdgenie,https://github.com/jd-opensource/joyagent-jdgenie,https://github.com/jd-opensource/joyagent-jdgenie.git,11597,2025-07-16T02:59:53Z,102676
newbee-mall,newbee-ltd/newbee-mall,https://github.com/newbee-ltd/newbee-mall,https://github.com/newbee-ltd/newbee-mall.git,11541,2019-09-21T03:56:04Z,36245
starrocks,StarRocks/starrocks,https://github.com/StarRocks/starrocks,https://github.com/StarRocks/starrocks.git,11515,2021-09-04T02:29:35Z,666919
realm-java,realm/realm-java,https://github.com/realm/realm-java,https://github.com/realm/realm-java.git,11489,2012-04-20T09:18:42Z,65920
CtCI-6th-Edition,careercup/CtCI-6th-Edition,https://github.com/careercup/CtCI-6th-Edition,https://github.com/careercup/CtCI-6th-Edition.git,11476,2015-07-02T06:28:46Z,21487
ImmersionBar,gyf-dev/ImmersionBar,https://github.com/gyf-dev/ImmersionBar,https://github.com/gyf-dev/ImmersionBar.git,11469,2017-04-19T05:10:09Z,325009
jsoup,jhy/jsoup,https://github.com/jhy/jsoup,https://github.com/jhy/jsoup.git,11361,2009-12-19T01:29:58Z,6898
langchain4j,langchain4j/langchain4j,https://github.com/langchain4j/langchain4j,https://github.com/langchain4j/langchain4j.git,11335,2023-06-20T15:30:29Z,28992
spider-flow,ssssssss-team/spider-flow,https://github.com/ssssssss-team/spider-flow,https://github.com/ssssssss-team/spider-flow.git,11318,2020-03-27T11:07:15Z,3382
interview,mission-peace/interview,https://github.com/mission-peace/interview,https://github.com/mission-peace/interview.git,11308,2014-07-20T21:27:31Z,1200
cas,apereo/cas,https://github.com/apereo/cas,https://github.com/apereo/cas.git,11308,2011-09-09T01:36:42Z,326005
PermissionsDispatcher,permissions-dispatcher/PermissionsDispatcher,https://github.com/permissions-dispatcher/PermissionsDispatcher,https://github.com/permissions-dispatcher/PermissionsDispatcher.git,11203,2015-08-15T21:41:05Z,3009
SmarterStreaming,daniulive/SmarterStreaming,https://github.com/daniulive/SmarterStreaming,https://github.com/daniulive/SmarterStreaming.git,11165,2016-03-26T14:46:02Z,6823377
FileDownloader,lingochamp/FileDownloader,https://github.com/lingochamp/FileDownloader,https://github.com/lingochamp/FileDownloader.git,11124,2015-12-22T11:17:16Z,40720
FlycoTabLayout,H07000223/FlycoTabLayout,https://github.com/H07000223/FlycoTabLayout,https://github.com/H07000223/FlycoTabLayout.git,11112,2015-11-09T01:53:19Z,2620
pkl,apple/pkl,https://github.com/apple/pkl,https://github.com/apple/pkl.git,11107,2024-01-19T17:28:45Z,8207
jjwt,jwtk/jjwt,https://github.com/jwtk/jjwt,https://github.com/jwtk/jjwt.git,11054,2014-09-13T01:06:24Z,3503
SlidingMenu,jfeinstein10/SlidingMenu,https://github.com/jfeinstein10/SlidingMenu,https://github.com/jfeinstein10/SlidingMenu.git,11025,2012-06-30T05:14:23Z,32085
androidannotations,androidannotations/androidannotations,https://github.com/androidannotations/androidannotations,https://github.com/androidannotations/androidannotations.git,11008,2012-01-06T08:48:03Z,22510
VirtualApp,asLody/VirtualApp,https://github.com/asLody/VirtualApp,https://github.com/asLody/VirtualApp.git,10950,2016-07-06T13:25:23Z,35238
javapoet,square/javapoet,https://github.com/square/javapoet,https://github.com/square/javapoet.git,10861,2013-02-01T16:56:30Z,1954
clojure,clojure/clojure,https://github.com/clojure/clojure,https://github.com/clojure/clojure.git,10832,2010-06-29T20:03:33Z,19313
platform_frameworks_base,aosp-mirror/platform_frameworks_base,https://github.com/aosp-mirror/platform_frameworks_base,https://github.com/aosp-mirror/platform_frameworks_base.git,10822,2008-10-21T18:20:37Z,8087727
Java-WebSocket,TooTallNate/Java-WebSocket,https://github.com/TooTallNate/Java-WebSocket,https://github.com/TooTallNate/Java-WebSocket.git,10800,2010-01-20T23:33:04Z,4245
vlayout,alibaba/vlayout,https://github.com/alibaba/vlayout,https://github.com/alibaba/vlayout.git,10762,2017-02-27T08:11:47Z,1726
astron-agent,iflytek/astron-agent,https://github.com/iflytek/astron-agent,https://github.com/iflytek/astron-agent.git,10759,2025-09-19T08:46:01Z,101639
zfile,zfile-dev/zfile,https://github.com/zfile-dev/zfile,https://github.com/zfile-dev/zfile.git,10714,2019-08-19T13:57:56Z,40781
android-async-http,android-async-http/android-async-http,https://github.com/android-async-http/android-async-http,https://github.com/android-async-http/android-async-http.git,10622,2011-02-20T03:25:07Z,3063
resilience4j,resilience4j/resilience4j,https://github.com/resilience4j/resilience4j,https://github.com/resilience4j/resilience4j.git,10605,2015-06-03T09:21:01Z,8873
okhttp-OkGo,jeasonlzy/okhttp-OkGo,https://github.com/jeasonlzy/okhttp-OkGo,https://github.com/jeasonlzy/okhttp-OkGo.git,10587,2016-01-15T10:35:24Z,84860
auto,google/auto,https://github.com/google/auto,https://github.com/google/auto.git,10557,2013-05-22T21:41:56Z,48850
Activiti,Activiti/Activiti,https://github.com/Activiti/Activiti,https://github.com/Activiti/Activiti.git,10521,2012-09-13T11:34:43Z,131773
JiaoZiVideoPlayer,lipangit/JiaoZiVideoPlayer,https://github.com/lipangit/JiaoZiVideoPlayer,https://github.com/lipangit/JiaoZiVideoPlayer.git,10504,2016-02-06T11:04:24Z,143896
Signal-Server,signalapp/Signal-Server,https://github.com/signalapp/Signal-Server,https://github.com/signalapp/Signal-Server.git,10461,2013-12-09T07:10:36Z,21855
RxPermissions,tbruyelle/RxPermissions,https://github.com/tbruyelle/RxPermissions,https://github.com/tbruyelle/RxPermissions.git,10441,2015-09-29T13:55:09Z,587
aws-doc-sdk-examples,awsdocs/aws-doc-sdk-examples,https://github.com/awsdocs/aws-doc-sdk-examples,https://github.com/awsdocs/aws-doc-sdk-examples.git,10386,2016-08-18T19:06:57Z,263315
sonarqube,SonarSource/sonarqube,https://github.com/SonarSource/sonarqube,https://github.com/SonarSource/sonarqube.git,10371,2011-01-05T11:05:17Z,962059
LSPosed,JingMatrix/LSPosed,https://github.com/JingMatrix/LSPosed,https://github.com/JingMatrix/LSPosed.git,10303,2023-07-20T18:03:30Z,22720
MVPArms,JessYanCoding/MVPArms,https://github.com/JessYanCoding/MVPArms,https://github.com/JessYanCoding/MVPArms.git,10275,2016-08-06T08:49:56Z,5963
GoGoGo,ZCShou/GoGoGo,https://github.com/ZCShou/GoGoGo,https://github.com/ZCShou/GoGoGo.git,10133,2021-12-03T06:59:39Z,426465
ViewPagerIndicator,JakeWharton/ViewPagerIndicator,https://github.com/JakeWharton/ViewPagerIndicator,https://github.com/JakeWharton/ViewPagerIndicator.git,10086,2011-08-04T17:13:44Z,8657
CoreNLP,stanfordnlp/CoreNLP,https://github.com/stanfordnlp/CoreNLP,https://github.com/stanfordnlp/CoreNLP.git,10062,2013-06-27T21:13:49Z,400414
JsBridge,happydog-intj/JsBridge,https://github.com/happydog-intj/JsBridge,https://github.com/happydog-intj/JsBridge.git,9930,2015-02-26T12:10:58Z,659
spring-reading,xuchengsheng/spring-reading,https://github.com/xuchengsheng/spring-reading,https://github.com/xuchengsheng/spring-reading.git,9927,2023-09-15T06:42:44Z,2808
glide-transformations,wasabeef/glide-transformations,https://github.com/wasabeef/glide-transformations,https://github.com/wasabeef/glide-transformations.git,9910,2015-01-09T10:33:29Z,26509
easypermissions,googlesamples/easypermissions,https://github.com/googlesamples/easypermissions,https://github.com/googlesamples/easypermissions.git,9899,2015-12-22T18:05:53Z,635
paascloud-master,paascloud/paascloud-master,https://github.com/paascloud/paascloud-master,https://github.com/paascloud/paascloud-master.git,9886,2018-03-17T05:40:43Z,16083
MagicIndicator,hackware1993/MagicIndicator,https://github.com/hackware1993/MagicIndicator,https://github.com/hackware1993/MagicIndicator.git,9812,2016-06-26T08:20:43Z,54749
feign,OpenFeign/feign,https://github.com/OpenFeign/feign,https://github.com/OpenFeign/feign.git,9786,2013-06-26T23:28:16Z,10808
AVLoadingIndicatorView,HarlonWang/AVLoadingIndicatorView,https://github.com/HarlonWang/AVLoadingIndicatorView,https://github.com/HarlonWang/AVLoadingIndicatorView.git,9779,2015-10-24T20:18:33Z,14399
opendataloader-pdf,opendataloader-project/opendataloader-pdf,https://github.com/opendataloader-project/opendataloader-pdf,https://github.com/opendataloader-project/opendataloader-pdf.git,9775,2025-05-13T05:48:02Z,86282
spring-boot-api-project-seed,lihengming/spring-boot-api-project-seed,https://github.com/lihengming/spring-boot-api-project-seed,https://github.com/lihengming/spring-boot-api-project-seed.git,9714,2017-06-23T10:06:30Z,77
spinnaker,spinnaker/spinnaker,https://github.com/spinnaker/spinnaker,https://github.com/spinnaker/spinnaker.git,9708,2014-07-02T19:02:36Z,196283
Fragmentation,YoKeyword/Fragmentation,https://github.com/YoKeyword/Fragmentation,https://github.com/YoKeyword/Fragmentation.git,9706,2016-02-23T08:54:55Z,29343
cassandra,apache/cassandra,https://github.com/apache/cassandra,https://github.com/apache/cassandra.git,9676,2009-05-21T02:10:09Z,458595
spark,perwendel/spark,https://github.com/perwendel/spark,https://github.com/perwendel/spark.git,9665,2011-05-05T11:52:05Z,2503
android-gif-drawable,koral--/android-gif-drawable,https://github.com/koral--/android-gif-drawable,https://github.com/koral--/android-gif-drawable.git,9661,2013-01-30T01:37:46Z,6114
react-native-camera,react-native-camera/react-native-camera,https://github.com/react-native-camera/react-native-camera,https://github.com/react-native-camera/react-native-camera.git,9648,2015-04-01T00:54:40Z,17586
automq,AutoMQ/automq,https://github.com/AutoMQ/automq,https://github.com/AutoMQ/automq.git,9628,2023-08-17T07:50:13Z,169462
Android-ObservableScrollView,ksoichiro/Android-ObservableScrollView,https://github.com/ksoichiro/Android-ObservableScrollView,https://github.com/ksoichiro/Android-ObservableScrollView.git,9626,2014-11-08T14:45:20Z,13780
flyway,flyway/flyway,https://github.com/flyway/flyway,https://github.com/flyway/flyway.git,9622,2012-12-14T18:43:22Z,1482700
DanmakuFlameMaster,bilibili/DanmakuFlameMaster,https://github.com/bilibili/DanmakuFlameMaster,https://github.com/bilibili/DanmakuFlameMaster.git,9613,2013-08-11T12:18:50Z,3580
EhViewer,seven332/EhViewer,https://github.com/seven332/EhViewer,https://github.com/seven332/EhViewer.git,9549,2014-05-14T12:03:52Z,111228
Mycat-Server,MyCATApache/Mycat-Server,https://github.com/MyCATApache/Mycat-Server,https://github.com/MyCATApache/Mycat-Server.git,9543,2014-12-04T02:46:54Z,19570
android-Ultra-Pull-To-Refresh,liaohuqiu/android-Ultra-Pull-To-Refresh,https://github.com/liaohuqiu/android-Ultra-Pull-To-Refresh,https://github.com/liaohuqiu/android-Ultra-Pull-To-Refresh.git,9531,2014-11-13T03:13:10Z,3474
cim,crossoverJie/cim,https://github.com/crossoverJie/cim,https://github.com/crossoverJie/cim.git,9489,2018-05-20T15:55:56Z,35265
AndroidSlidingUpPanel,umano/AndroidSlidingUpPanel,https://github.com/umano/AndroidSlidingUpPanel,https://github.com/umano/AndroidSlidingUpPanel.git,9484,2013-05-31T18:33:53Z,2861
spring-security,spring-projects/spring-security,https://github.com/spring-projects/spring-security,https://github.com/spring-projects/spring-security.git,9477,2012-01-10T21:50:57Z,93333
AgentWeb,Justson/AgentWeb,https://github.com/Justson/AgentWeb,https://github.com/Justson/AgentWeb.git,9411,2017-05-12T07:45:56Z,29032
JsonPath,json-path/JsonPath,https://github.com/json-path/JsonPath,https://github.com/json-path/JsonPath.git,9394,2011-01-24T13:19:19Z,2479
PocketHub,pockethub/PocketHub,https://github.com/pockethub/PocketHub,https://github.com/pockethub/PocketHub.git,9380,2011-09-08T16:52:50Z,11945
CalendarView,huanghaibin-dev/CalendarView,https://github.com/huanghaibin-dev/CalendarView,https://github.com/huanghaibin-dev/CalendarView.git,9370,2017-03-11T07:16:09Z,156817
AndroidNote,GcsSloop/AndroidNote,https://github.com/GcsSloop/AndroidNote,https://github.com/GcsSloop/AndroidNote.git,9340,2016-01-04T23:51:36Z,7036
testing-samples,android/testing-samples,https://github.com/android/testing-samples,https://github.com/android/testing-samples.git,9302,2014-10-11T03:51:27Z,12105
jmeter,apache/jmeter,https://github.com/apache/jmeter,https://github.com/apache/jmeter.git,9290,2010-05-26T23:38:07Z,136056
seatunnel,apache/seatunnel,https://github.com/apache/seatunnel,https://github.com/apache/seatunnel.git,9205,2017-08-05T09:14:47Z,52993
android-gpuimage,cats-oss/android-gpuimage,https://github.com/cats-oss/android-gpuimage,https://github.com/cats-oss/android-gpuimage.git,9157,2012-10-04T08:11:58Z,1368
flowable-engine,flowable/flowable-engine,https://github.com/flowable/flowable-engine,https://github.com/flowable/flowable-engine.git,9150,2016-10-13T07:21:43Z,239171
VirtualAPK,didi/VirtualAPK,https://github.com/didi/VirtualAPK,https://github.com/didi/VirtualAPK.git,9067,2017-06-29T07:25:05Z,1010
HMCL,HMCL-dev/HMCL,https://github.com/HMCL-dev/HMCL,https://github.com/HMCL-dev/HMCL.git,9013,2015-06-22T08:06:03Z,36501
spring-ai-alibaba,alibaba/spring-ai-alibaba,https://github.com/alibaba/spring-ai-alibaba,https://github.com/alibaba/spring-ai-alibaba.git,8969,2024-09-09T01:35:50Z,231113
Jetpack-MVVM-Best-Practice,KunMinX/Jetpack-MVVM-Best-Practice,https://github.com/KunMinX/Jetpack-MVVM-Best-Practice,https://github.com/KunMinX/Jetpack-MVVM-Best-Practice.git,8951,2019-10-31T05:21:01Z,10737
MaterialDesignLibrary,navasmdc/MaterialDesignLibrary,https://github.com/navasmdc/MaterialDesignLibrary,https://github.com/navasmdc/MaterialDesignLibrary.git,8944,2014-09-30T07:37:17Z,8930
Android_Data,Freelander/Android_Data,https://github.com/Freelander/Android_Data,https://github.com/Freelander/Android_Data.git,8918,2015-04-04T01:37:44Z,153
LSPatch,LSPosed/LSPatch,https://github.com/LSPosed/LSPatch,https://github.com/LSPosed/LSPatch.git,8917,2021-03-01T19:38:36Z,10312
jna,java-native-access/jna,https://github.com/java-native-access/jna,https://github.com/java-native-access/jna.git,8908,2011-04-29T13:30:29Z,758422
checkstyle,checkstyle/checkstyle,https://github.com/checkstyle/checkstyle,https://github.com/checkstyle/checkstyle.git,8902,2013-08-31T02:05:05Z,251054
ysoserial,frohoff/ysoserial,https://github.com/frohoff/ysoserial,https://github.com/frohoff/ysoserial.git,8826,2015-01-28T07:13:55Z,460
karate,karatelabs/karate,https://github.com/karatelabs/karate,https://github.com/karatelabs/karate.git,8816,2017-02-07T15:59:17Z,30530
PojavLauncher,PojavLauncherTeam/PojavLauncher,https://github.com/PojavLauncherTeam/PojavLauncher,https://github.com/PojavLauncherTeam/PojavLauncher.git,8807,2020-03-11T03:22:54Z,907961
storm,nathanmarz/storm,https://github.com/nathanmarz/storm,https://github.com/nathanmarz/storm.git,8789,2011-09-17T07:55:13Z,27015
shenyu,apache/shenyu,https://github.com/apache/shenyu,https://github.com/apache/shenyu.git,8783,2018-07-11T08:17:45Z,75733
StatusBarUtil,laobie/StatusBarUtil,https://github.com/laobie/StatusBarUtil,https://github.com/laobie/StatusBarUtil.git,8771,2016-02-15T03:06:06Z,9364
baritone,cabaletta/baritone,https://github.com/cabaletta/baritone,https://github.com/cabaletta/baritone.git,8757,2018-08-01T15:34:21Z,16642
awesome-java-leetcode,Blankj/awesome-java-leetcode,https://github.com/Blankj/awesome-java-leetcode,https://github.com/Blankj/awesome-java-leetcode.git,8737,2017-04-17T15:51:41Z,512
iceberg,apache/iceberg,https://github.com/apache/iceberg,https://github.com/apache/iceberg.git,8670,2018-11-19T16:26:46Z,115331
Android-PullToRefresh,chrisbanes/Android-PullToRefresh,https://github.com/chrisbanes/Android-PullToRefresh,https://github.com/chrisbanes/Android-PullToRefresh.git,8665,2011-11-29T09:59:56Z,4286
Android-SpinKit,ybq/Android-SpinKit,https://github.com/ybq/Android-SpinKit,https://github.com/ybq/Android-SpinKit.git,8653,2016-03-20T08:40:51Z,10241
Android-Debug-Database,amitshekhariitbhu/Android-Debug-Database,https://github.com/amitshekhariitbhu/Android-Debug-Database,https://github.com/amitshekhariitbhu/Android-Debug-Database.git,8645,2016-11-16T14:20:24Z,1648
react-native-image-picker,react-native-image-picker/react-native-image-picker,https://github.com/react-native-image-picker/react-native-image-picker,https://github.com/react-native-image-picker/react-native-image-picker.git,8637,2015-06-08T20:25:31Z,3217
AndResGuard,shwenzhang/AndResGuard,https://github.com/shwenzhang/AndResGuard,https://github.com/shwenzhang/AndResGuard.git,8635,2015-10-11T11:48:06Z,8343
testcontainers-java,testcontainers/testcontainers-java,https://github.com/testcontainers/testcontainers-java,https://github.com/testcontainers/testcontainers-java.git,8614,2015-04-12T12:44:59Z,14974
dropwizard,dropwizard/dropwizard,https://github.com/dropwizard/dropwizard,https://github.com/dropwizard/dropwizard.git,8602,2011-01-19T19:52:29Z,114437
epoxy,airbnb/epoxy,https://github.com/airbnb/epoxy,https://github.com/airbnb/epoxy.git,8571,2016-08-08T23:05:11Z,34179
buck,facebook/buck,https://github.com/facebook/buck,https://github.com/facebook/buck.git,8562,2013-04-17T18:12:18Z,2024585
tsunami-security-scanner,google/tsunami-security-scanner,https://github.com/google/tsunami-security-scanner,https://github.com/google/tsunami-security-scanner.git,8557,2020-06-03T16:20:00Z,1298
junit4,junit-team/junit4,https://github.com/junit-team/junit4,https://github.com/junit-team/junit4.git,8554,2009-01-13T03:41:26Z,24417
Calligraphy,chrisjenx/Calligraphy,https://github.com/chrisjenx/Calligraphy,https://github.com/chrisjenx/Calligraphy.git,8545,2013-12-20T02:35:45Z,1523
aeron,aeron-io/aeron,https://github.com/aeron-io/aeron,https://github.com/aeron-io/aeron.git,8533,2014-02-07T17:16:58Z,73224
beam,apache/beam,https://github.com/apache/beam,https://github.com/apache/beam.git,8528,2016-02-02T08:00:06Z,986257
im-server,wildfirechat/im-server,https://github.com/wildfirechat/im-server,https://github.com/wildfirechat/im-server.git,8463,2019-01-23T15:21:28Z,22364
AndroidPdfViewer,DImuthuUpe/AndroidPdfViewer,https://github.com/DImuthuUpe/AndroidPdfViewer,https://github.com/DImuthuUpe/AndroidPdfViewer.git,8463,2016-06-02T20:21:21Z,4733
hsweb-framework,hs-web/hsweb-framework,https://github.com/hs-web/hsweb-framework,https://github.com/hs-web/hsweb-framework.git,8403,2016-01-18T03:51:39Z,34312
BottomBar,roughike/BottomBar,https://github.com/roughike/BottomBar,https://github.com/roughike/BottomBar.git,8386,2016-03-16T01:31:05Z,40819
pentaho-kettle,pentaho/pentaho-kettle,https://github.com/pentaho/pentaho-kettle,https://github.com/pentaho/pentaho-kettle.git,8325,2013-10-08T18:27:11Z,731394
spring-ai,spring-projects/spring-ai,https://github.com/spring-projects/spring-ai,https://github.com/spring-projects/spring-ai.git,8323,2023-06-27T18:57:29Z,97236
javacv,bytedeco/javacv,https://github.com/bytedeco/javacv,https://github.com/bytedeco/javacv.git,8306,2014-04-21T13:50:26Z,8174
transmittable-thread-local,alibaba/transmittable-thread-local,https://github.com/alibaba/transmittable-thread-local,https://github.com/alibaba/transmittable-thread-local.git,8270,2013-10-13T08:48:33Z,3577
UltimateAndroidReference,aritraroy/UltimateAndroidReference,https://github.com/aritraroy/UltimateAndroidReference,https://github.com/aritraroy/UltimateAndroidReference.git,8261,2017-04-10T07:28:27Z,543
shardingsphere-elasticjob,apache/shardingsphere-elasticjob,https://github.com/apache/shardingsphere-elasticjob,https://github.com/apache/shardingsphere-elasticjob.git,8222,2015-09-11T11:28:52Z,45954
LeetCode-Book,krahets/LeetCode-Book,https://github.com/krahets/LeetCode-Book,https://github.com/krahets/LeetCode-Book.git,8193,2021-12-17T14:16:02Z,833
atlas,alibaba/atlas,https://github.com/alibaba/atlas,https://github.com/alibaba/atlas.git,8170,2017-02-28T06:31:43Z,84497
otter,alibaba/otter,https://github.com/alibaba/otter,https://github.com/alibaba/otter.git,8133,2013-08-09T09:31:22Z,12042
tomcat,apache/tomcat,https://github.com/apache/tomcat,https://github.com/apache/tomcat.git,8128,2011-10-01T07:00:19Z,194141
MaterialViewPager,florent37/MaterialViewPager,https://github.com/florent37/MaterialViewPager,https://github.com/florent37/MaterialViewPager.git,8106,2015-04-24T17:53:15Z,19557
LitePal,guolindev/LitePal,https://github.com/guolindev/LitePal,https://github.com/guolindev/LitePal.git,8084,2013-02-20T03:20:07Z,5433
GhidraMCP,LaurieWired/GhidraMCP,https://github.com/LaurieWired/GhidraMCP,https://github.com/LaurieWired/GhidraMCP.git,8060,2025-03-23T05:36:55Z,180
XPopup,junixapp/XPopup,https://github.com/junixapp/XPopup,https://github.com/junixapp/XPopup.git,8024,2018-12-07T06:16:48Z,152978
subsampling-scale-image-view,davemorrissey/subsampling-scale-image-view,https://github.com/davemorrissey/subsampling-scale-image-view,https://github.com/davemorrissey/subsampling-scale-image-view.git,8010,2013-08-26T16:45:25Z,57935
graylog2-server,Graylog2/graylog2-server,https://github.com/Graylog2/graylog2-server,https://github.com/Graylog2/graylog2-server.git,7987,2010-05-17T21:27:02Z,209282
1brc,gunnarmorling/1brc,https://github.com/gunnarmorling/1brc,https://github.com/gunnarmorling/1brc.git,7987,2023-12-28T09:13:24Z,2744
SimianArmy,Netflix/SimianArmy,https://github.com/Netflix/SimianArmy,https://github.com/Netflix/SimianArmy.git,7984,2012-07-06T22:00:05Z,15326
hugo,JakeWharton/hugo,https://github.com/JakeWharton/hugo,https://github.com/JakeWharton/hugo.git,7913,2013-11-25T09:16:40Z,201
jimureport,jeecgboot/jimureport,https://github.com/jeecgboot/jimureport,https://github.com/jeecgboot/jimureport.git,7893,2019-12-05T12:25:59Z,105072
CompreFace,exadel-inc/CompreFace,https://github.com/exadel-inc/CompreFace,https://github.com/exadel-inc/CompreFace.git,7857,2020-07-06T08:29:43Z,566295
metrics,dropwizard/metrics,https://github.com/dropwizard/metrics,https://github.com/dropwizard/metrics.git,7851,2010-02-26T19:44:42Z,21407
HomeMirror,HannahMitt/HomeMirror,https://github.com/HannahMitt/HomeMirror,https://github.com/HannahMitt/HomeMirror.git,7831,2015-08-23T03:20:08Z,6207
hellocharts-android,lecho/hellocharts-android,https://github.com/lecho/hellocharts-android,https://github.com/lecho/hellocharts-android.git,7795,2014-10-12T09:12:37Z,6126
material-theme-jetbrains,ChrisRM/material-theme-jetbrains,https://github.com/ChrisRM/material-theme-jetbrains,https://github.com/ChrisRM/material-theme-jetbrains.git,7766,2015-09-23T07:15:04Z,148338
AntennaPod,AntennaPod/AntennaPod,https://github.com/AntennaPod/AntennaPod,https://github.com/AntennaPod/AntennaPod.git,7756,2012-07-31T10:25:08Z,115476
Shadow,Tencent/Shadow,https://github.com/Tencent/Shadow,https://github.com/Tencent/Shadow.git,7744,2019-06-13T10:50:27Z,3669
PowerJob,PowerJob/PowerJob,https://github.com/PowerJob/PowerJob,https://github.com/PowerJob/PowerJob.git,7718,2020-03-16T09:19:55Z,19311
MVVMHabit,goldze/MVVMHabit,https://github.com/goldze/MVVMHabit,https://github.com/goldze/MVVMHabit.git,7709,2017-07-21T10:38:40Z,1298
AppManager,MuntashirAkon/AppManager,https://github.com/MuntashirAkon/AppManager,https://github.com/MuntashirAkon/AppManager.git,7700,2020-05-30T04:08:56Z,80240
RxLifecycle,trello-archive/RxLifecycle,https://github.com/trello-archive/RxLifecycle,https://github.com/trello-archive/RxLifecycle.git,7670,2015-07-20T13:32:23Z,897
vjtools,vipshop/vjtools,https://github.com/vipshop/vjtools,https://github.com/vipshop/vjtools.git,7655,2018-05-29T09:07:08Z,2108
mapstruct,mapstruct/mapstruct,https://github.com/mapstruct/mapstruct,https://github.com/mapstruct/mapstruct.git,7632,2012-05-28T12:42:42Z,11453
TV,FongMi/TV,https://github.com/FongMi/TV,https://github.com/FongMi/TV.git,7631,2022-06-22T09:10:23Z,343813
MyBookshelf,gedoor/MyBookshelf,https://github.com/gedoor/MyBookshelf,https://github.com/gedoor/MyBookshelf.git,7624,2018-06-12T03:48:07Z,27255
android-classyshark,google/android-classyshark,https://github.com/google/android-classyshark,https://github.com/google/android-classyshark.git,7598,2015-10-12T13:40:48Z,24865
MinecraftForge,MinecraftForge/MinecraftForge,https://github.com/MinecraftForge/MinecraftForge,https://github.com/MinecraftForge/MinecraftForge.git,7567,2012-01-30T01:35:01Z,124669
AndroidAsync,koush/AndroidAsync,https://github.com/koush/AndroidAsync,https://github.com/koush/AndroidAsync.git,7550,2012-08-24T07:27:04Z,3720
RxJava-Android-Samples,kaushikgopal/RxJava-Android-Samples,https://github.com/kaushikgopal/RxJava-Android-Samples,https://github.com/kaushikgopal/RxJava-Android-Samples.git,7527,2014-07-23T05:13:52Z,1188
algs4,kevin-wayne/algs4,https://github.com/kevin-wayne/algs4,https://github.com/kevin-wayne/algs4.git,7523,2015-08-31T09:28:49Z,2347
swagger-core,swagger-api/swagger-core,https://github.com/swagger-api/swagger-core,https://github.com/swagger-api/swagger-core.git,7522,2011-07-05T23:44:11Z,24306
gnirehtet,Genymobile/gnirehtet,https://github.com/Genymobile/gnirehtet,https://github.com/Genymobile/gnirehtet.git,7506,2017-02-09T16:01:13Z,1036
LeetCode,yuanguangxin/LeetCode,https://github.com/yuanguangxin/LeetCode,https://github.com/yuanguangxin/LeetCode.git,7492,2020-01-11T01:02:02Z,408
DependencyCheck,dependency-check/DependencyCheck,https://github.com/dependency-check/DependencyCheck,https://github.com/dependency-check/DependencyCheck.git,7467,2012-09-03T20:43:30Z,307359
enso,enso-org/enso,https://github.com/enso-org/enso,https://github.com/enso-org/enso.git,7436,2016-12-16T17:23:37Z,130742
VBlog,lenve/VBlog,https://github.com/lenve/VBlog,https://github.com/lenve/VBlog.git,7433,2017-12-26T11:01:55Z,3841
astron-rpa,iflytek/astron-rpa,https://github.com/iflytek/astron-rpa,https://github.com/iflytek/astron-rpa.git,7401,2025-09-20T08:51:40Z,195361
SpringCloud-Learning,dyc87112/SpringCloud-Learning,https://github.com/dyc87112/SpringCloud-Learning,https://github.com/dyc87112/SpringCloud-Learning.git,7395,2016-08-21T03:39:52Z,1265
Mapper,abel533/Mapper,https://github.com/abel533/Mapper,https://github.com/abel533/Mapper.git,7385,2014-11-21T11:02:10Z,2217
gocd,gocd/gocd,https://github.com/gocd/gocd,https://github.com/gocd/gocd.git,7384,2013-12-13T05:26:16Z,420663
RePlugin,Qihoo360/RePlugin,https://github.com/Qihoo360/RePlugin,https://github.com/Qihoo360/RePlugin.git,7349,2017-06-08T09:39:09Z,25372
ShortcutBadger,leolin310148/ShortcutBadger,https://github.com/leolin310148/ShortcutBadger,https://github.com/leolin310148/ShortcutBadger.git,7341,2013-11-15T12:51:52Z,1231
dagger,square/dagger,https://github.com/square/dagger,https://github.com/square/dagger.git,7310,2012-08-02T23:25:32Z,6861
Android-Bootstrap,Bearded-Hen/Android-Bootstrap,https://github.com/Bearded-Hen/Android-Bootstrap,https://github.com/Bearded-Hen/Android-Bootstrap.git,7255,2013-11-01T15:36:17Z,11507
WeChatLuckyMoney,zhongyi-tong/WeChatLuckyMoney,https://github.com/zhongyi-tong/WeChatLuckyMoney,https://github.com/zhongyi-tong/WeChatLuckyMoney.git,7245,2015-09-30T16:11:20Z,660
xmall,Exrick/xmall,https://github.com/Exrick/xmall,https://github.com/Exrick/xmall.git,7245,2017-07-28T01:49:49Z,110866
TakePhoto,crazycodeboy/TakePhoto,https://github.com/crazycodeboy/TakePhoto,https://github.com/crazycodeboy/TakePhoto.git,7238,2015-08-04T02:05:32Z,11513
sweet-alert-dialog,pedant/sweet-alert-dialog,https://github.com/pedant/sweet-alert-dialog,https://github.com/pedant/sweet-alert-dialog.git,7232,2014-10-19T09:24:09Z,1694
nanohttpd,NanoHttpd/nanohttpd,https://github.com/NanoHttpd/nanohttpd,https://github.com/NanoHttpd/nanohttpd.git,7213,2012-08-10T21:52:42Z,1375
UltimateRecyclerView,cymcsg/UltimateRecyclerView,https://github.com/cymcsg/UltimateRecyclerView,https://github.com/cymcsg/UltimateRecyclerView.git,7195,2015-01-28T02:27:45Z,7153
wiremock,wiremock/wiremock,https://github.com/wiremock/wiremock,https://github.com/wiremock/wiremock.git,7180,2011-10-09T20:27:24Z,52013
KnowStreaming,didi/KnowStreaming,https://github.com/didi/KnowStreaming,https://github.com/didi/KnowStreaming.git,7178,2020-03-19T05:13:51Z,200022
alluxio,Alluxio/alluxio,https://github.com/Alluxio/alluxio,https://github.com/Alluxio/alluxio.git,7174,2012-12-21T17:43:46Z,205633
error-prone,google/error-prone,https://github.com/google/error-prone,https://github.com/google/error-prone.git,7151,2014-08-21T23:26:50Z,168097
hertzbeat,apache/hertzbeat,https://github.com/apache/hertzbeat,https://github.com/apache/hertzbeat.git,7139,2022-02-04T14:48:56Z,335074
agera,google/agera,https://github.com/google/agera,https://github.com/google/agera.git,7134,2015-12-17T13:22:58Z,968
rest-assured,rest-assured/rest-assured,https://github.com/rest-assured/rest-assured,https://github.com/rest-assured/rest-assured.git,7126,2010-10-21T08:35:43Z,12090
JavaTutorial,h2pl/JavaTutorial,https://github.com/h2pl/JavaTutorial,https://github.com/h2pl/JavaTutorial.git,7120,2018-05-01T15:57:21Z,4933
traccar,traccar/traccar,https://github.com/traccar/traccar,https://github.com/traccar/traccar.git,7117,2012-04-16T08:33:49Z,25080
SmartTabLayout,ogaclejapan/SmartTabLayout,https://github.com/ogaclejapan/SmartTabLayout,https://github.com/ogaclejapan/SmartTabLayout.git,7084,2015-02-14T11:25:51Z,14671
ActionBarSherlock,JakeWharton/ActionBarSherlock,https://github.com/JakeWharton/ActionBarSherlock,https://github.com/JakeWharton/ActionBarSherlock.git,7072,2011-03-07T17:28:54Z,21244
Recaf,Col-E/Recaf,https://github.com/Col-E/Recaf,https://github.com/Col-E/Recaf.git,7067,2017-07-27T06:01:10Z,60180
java-eight-part,CoderLeixiaoshuai/java-eight-part,https://github.com/CoderLeixiaoshuai/java-eight-part,https://github.com/CoderLeixiaoshuai/java-eight-part.git,7067,2020-10-16T16:27:04Z,308
Timber,naman14/Timber,https://github.com/naman14/Timber,https://github.com/naman14/Timber.git,7051,2015-06-12T16:43:55Z,17485
netty-socketio,mrniko/netty-socketio,https://github.com/mrniko/netty-socketio,https://github.com/mrniko/netty-socketio.git,7026,2012-01-12T11:43:49Z,2081
elasticsearch-sql,NLPchina/elasticsearch-sql,https://github.com/NLPchina/elasticsearch-sql,https://github.com/NLPchina/elasticsearch-sql.git,7023,2014-08-24T14:26:31Z,8979
junit-framework,junit-team/junit-framework,https://github.com/junit-team/junit-framework,https://github.com/junit-team/junit-framework.git,6992,2015-01-11T19:06:10Z,42667
DroidPlugin,DroidPluginTeam/DroidPlugin,https://github.com/DroidPluginTeam/DroidPlugin,https://github.com/DroidPluginTeam/DroidPlugin.git,6976,2015-08-27T11:14:57Z,1859
jvm-sandbox,alibaba/jvm-sandbox,https://github.com/alibaba/jvm-sandbox,https://github.com/alibaba/jvm-sandbox.git,6959,2017-08-03T02:55:31Z,1875
logisim-evolution,logisim-evolution/logisim-evolution,https://github.com/logisim-evolution/logisim-evolution,https://github.com/logisim-evolution/logisim-evolution.git,6920,2014-09-19T05:23:24Z,118345
springcloud-learning,macrozheng/springcloud-learning,https://github.com/macrozheng/springcloud-learning,https://github.com/macrozheng/springcloud-learning.git,6916,2019-09-07T02:36:16Z,261
rabbitmq-tutorials,rabbitmq/rabbitmq-tutorials,https://github.com/rabbitmq/rabbitmq-tutorials,https://github.com/rabbitmq/rabbitmq-tutorials.git,6873,2010-09-21T11:41:26Z,6050
BookReader,smuyyh/BookReader,https://github.com/smuyyh/BookReader,https://github.com/smuyyh/BookReader.git,6873,2016-08-03T05:17:27Z,31940
walle,Meituan-Dianping/walle,https://github.com/Meituan-Dianping/walle,https://github.com/Meituan-Dianping/walle.git,6866,2017-01-10T03:39:25Z,528
AndroidProject,getActivity/AndroidProject,https://github.com/getActivity/AndroidProject,https://github.com/getActivity/AndroidProject.git,6864,2018-10-23T10:30:55Z,91198
okhttputils,hongyangAndroid/okhttputils,https://github.com/hongyangAndroid/okhttputils,https://github.com/hongyangAndroid/okhttputils.git,6857,2015-08-17T14:53:29Z,17152
vespa,vespa-engine/vespa,https://github.com/vespa-engine/vespa,https://github.com/vespa-engine/vespa.git,6836,2016-06-03T20:54:20Z,478864
haven,guardianproject/haven,https://github.com/guardianproject/haven,https://github.com/guardianproject/haven.git,6798,2017-03-01T03:20:03Z,24387
react-native-push-notification,zo0r/react-native-push-notification,https://github.com/zo0r/react-native-push-notification,https://github.com/zo0r/react-native-push-notification.git,6791,2015-12-14T19:53:36Z,1688
byte-buddy,raphw/byte-buddy,https://github.com/raphw/byte-buddy,https://github.com/raphw/byte-buddy.git,6788,2013-11-25T19:38:03Z,1008854
angel,Angel-ML/angel,https://github.com/Angel-ML/angel,https://github.com/Angel-ML/angel.git,6787,2017-04-25T05:57:43Z,93616
itstack-demo-design,fuzhengwei/itstack-demo-design,https://github.com/fuzhengwei/itstack-demo-design,https://github.com/fuzhengwei/itstack-demo-design.git,6780,2020-05-20T13:45:30Z,1827
springBoot,527515025/springBoot,https://github.com/527515025/springBoot,https://github.com/527515025/springBoot.git,6773,2016-11-07T02:13:31Z,868
AndroidPicker,gzu-liyujiang/AndroidPicker,https://github.com/gzu-liyujiang/AndroidPicker,https://github.com/gzu-liyujiang/AndroidPicker.git,6773,2015-10-21T14:21:16Z,30016
Pixiv-Shaft,CeuiLiSA/Pixiv-Shaft,https://github.com/CeuiLiSA/Pixiv-Shaft,https://github.com/CeuiLiSA/Pixiv-Shaft.git,6770,2019-04-01T09:59:09Z,188809
wvp-GB28181-pro,648540858/wvp-GB28181-pro,https://github.com/648540858/wvp-GB28181-pro,https://github.com/648540858/wvp-GB28181-pro.git,6739,2020-11-14T14:16:37Z,71858
Leaf,Meituan-Dianping/Leaf,https://github.com/Meituan-Dianping/Leaf,https://github.com/Meituan-Dianping/Leaf.git,6736,2018-12-11T07:41:35Z,149
AndroidPerformanceMonitor,markzhai/AndroidPerformanceMonitor,https://github.com/markzhai/AndroidPerformanceMonitor,https://github.com/markzhai/AndroidPerformanceMonitor.git,6733,2016-01-17T05:23:22Z,1077
XXPermissions,getActivity/XXPermissions,https://github.com/getActivity/XXPermissions,https://github.com/getActivity/XXPermissions.git,6708,2018-06-15T14:31:29Z,86442
quartz,quartz-scheduler/quartz,https://github.com/quartz-scheduler/quartz,https://github.com/quartz-scheduler/quartz.git,6708,2016-03-07T14:05:37Z,26998
mybatis-generator-gui,zouzg/mybatis-generator-gui,https://github.com/zouzg/mybatis-generator-gui,https://github.com/zouzg/mybatis-generator-gui.git,6707,2016-05-08T22:39:39Z,14934
AndroidAutoLayout,hongyangAndroid/AndroidAutoLayout,https://github.com/hongyangAndroid/AndroidAutoLayout,https://github.com/hongyangAndroid/AndroidAutoLayout.git,6691,2015-11-19T02:09:11Z,7466
Suwayomi-Server,Suwayomi/Suwayomi-Server,https://github.com/Suwayomi/Suwayomi-Server,https://github.com/Suwayomi/Suwayomi-Server.git,6684,2020-12-23T20:31:38Z,101187
jOOQ,jOOQ/jOOQ,https://github.com/jOOQ/jOOQ,https://github.com/jOOQ/jOOQ.git,6684,2011-04-17T10:43:33Z,284404
storm,apache/storm,https://github.com/apache/storm,https://github.com/apache/storm.git,6676,2013-11-05T08:00:14Z,156922
AndPermission,yanzhenjie/AndPermission,https://github.com/yanzhenjie/AndPermission,https://github.com/yanzhenjie/AndPermission.git,6647,2016-09-11T05:17:34Z,1665
smali,JesusFreke/smali,https://github.com/JesusFreke/smali,https://github.com/JesusFreke/smali.git,6616,2012-09-23T19:51:16Z,9535
zeppelin,apache/zeppelin,https://github.com/apache/zeppelin,https://github.com/apache/zeppelin.git,6607,2015-03-25T07:00:06Z,115037
hazelcast,hazelcast/hazelcast,https://github.com/hazelcast/hazelcast,https://github.com/hazelcast/hazelcast.git,6605,2012-03-21T12:25:18Z,423430
pig,pig-mesh/pig,https://github.com/pig-mesh/pig,https://github.com/pig-mesh/pig.git,6602,2019-08-26T03:24:53Z,39949
Toasty,GrenderG/Toasty,https://github.com/GrenderG/Toasty,https://github.com/GrenderG/Toasty.git,6594,2017-01-18T18:52:41Z,977
ansj_seg,NLPchina/ansj_seg,https://github.com/NLPchina/ansj_seg,https://github.com/NLPchina/ansj_seg.git,6545,2012-09-05T05:56:24Z,352518
Android-skin-support,ximsfei/Android-skin-support,https://github.com/ximsfei/Android-skin-support,https://github.com/ximsfei/Android-skin-support.git,6521,2017-01-12T15:03:54Z,54130
processing,processing/processing,https://github.com/processing/processing,https://github.com/processing/processing.git,6496,2013-01-24T21:17:22Z,1648017
QR-Code-generator,nayuki/QR-Code-generator,https://github.com/nayuki/QR-Code-generator,https://github.com/nayuki/QR-Code-generator.git,6487,2016-04-15T02:19:41Z,1389
hibernate-orm,hibernate/hibernate-orm,https://github.com/hibernate/hibernate-orm,https://github.com/hibernate/hibernate-orm.git,6464,2010-10-04T16:15:52Z,309890
Android-Image-Cropper,ArthurHub/Android-Image-Cropper,https://github.com/ArthurHub/Android-Image-Cropper,https://github.com/ArthurHub/Android-Image-Cropper.git,6430,2015-01-15T10:49:37Z,26047
so-novel,freeok/so-novel,https://github.com/freeok/so-novel,https://github.com/freeok/so-novel.git,6430,2022-05-23T15:49:36Z,4272
Spring-Cloud-Platform,wxiaoqi/Spring-Cloud-Platform,https://github.com/wxiaoqi/Spring-Cloud-Platform,https://github.com/wxiaoqi/Spring-Cloud-Platform.git,6429,2017-05-25T10:35:26Z,212466
RoundedImageView,vinc3m1/RoundedImageView,https://github.com/vinc3m1/RoundedImageView,https://github.com/vinc3m1/RoundedImageView.git,6420,2013-02-22T01:17:37Z,8746
jetlinks-community,jetlinks/jetlinks-community,https://github.com/jetlinks/jetlinks-community,https://github.com/jetlinks/jetlinks-community.git,6419,2020-01-02T07:27:34Z,71228
IJPay,Javen205/IJPay,https://github.com/Javen205/IJPay,https://github.com/Javen205/IJPay.git,6415,2017-05-02T03:15:32Z,25427
gephi,gephi/gephi,https://github.com/gephi/gephi,https://github.com/gephi/gephi.git,6411,2011-10-22T03:14:46Z,660059
async-http-client,AsyncHttpClient/async-http-client,https://github.com/AsyncHttpClient/async-http-client,https://github.com/AsyncHttpClient/async-http-client.git,6409,2011-03-07T13:41:46Z,19207
micronaut-core,micronaut-projects/micronaut-core,https://github.com/micronaut-projects/micronaut-core,https://github.com/micronaut-projects/micronaut-core.git,6393,2018-03-07T12:05:08Z,113883
flink-cdc,apache/flink-cdc,https://github.com/apache/flink-cdc,https://github.com/apache/flink-cdc.git,6385,2020-07-27T19:23:33Z,50570
remusic,aa112901/remusic,https://github.com/aa112901/remusic,https://github.com/aa112901/remusic.git,6383,2016-03-24T06:20:39Z,115952
graphhopper,graphhopper/graphhopper,https://github.com/graphhopper/graphhopper,https://github.com/graphhopper/graphhopper.git,6381,2012-02-18T19:57:38Z,140563
jsonschema2pojo,joelittlejohn/jsonschema2pojo,https://github.com/joelittlejohn/jsonschema2pojo,https://github.com/joelittlejohn/jsonschema2pojo.git,6368,2013-06-22T22:28:53Z,13705
smile,haifengl/smile,https://github.com/haifengl/smile,https://github.com/haifengl/smile.git,6357,2014-11-20T16:28:12Z,274234
mini-spring,DerekYRC/mini-spring,https://github.com/DerekYRC/mini-spring,https://github.com/DerekYRC/mini-spring.git,6355,2020-11-17T11:59:18Z,1103
richeditor-android,wasabeef/richeditor-android,https://github.com/wasabeef/richeditor-android,https://github.com/wasabeef/richeditor-android.git,6348,2015-03-30T16:19:20Z,2898
JFoenix,sshahine/JFoenix,https://github.com/sshahine/JFoenix,https://github.com/sshahine/JFoenix.git,6346,2015-09-08T14:04:24Z,28243
from-java-to-kotlin,amitshekhariitbhu/from-java-to-kotlin,https://github.com/amitshekhariitbhu/from-java-to-kotlin,https://github.com/amitshekhariitbhu/from-java-to-kotlin.git,6337,2017-05-21T11:56:27Z,273
iotdb,apache/iotdb,https://github.com/apache/iotdb,https://github.com/apache/iotdb.git,6302,2018-11-24T21:29:17Z,345785
config,lightbend/config,https://github.com/lightbend/config,https://github.com/lightbend/config.git,6296,2011-12-06T08:02:29Z,4719
ion,koush/ion,https://github.com/koush/ion,https://github.com/koush/ion.git,6264,2013-05-22T07:41:23Z,11832
graphql-java,graphql-java/graphql-java,https://github.com/graphql-java/graphql-java,https://github.com/graphql-java/graphql-java.git,6234,2015-07-06T06:52:20Z,27760
incubator-kie-drools,apache/incubator-kie-drools,https://github.com/apache/incubator-kie-drools,https://github.com/apache/incubator-kie-drools.git,6232,2011-02-18T08:37:05Z,312616
spring-cloud-examples,ityouknow/spring-cloud-examples,https://github.com/ityouknow/spring-cloud-examples,https://github.com/ityouknow/spring-cloud-examples.git,6216,2017-04-28T08:48:53Z,76
java-jwt,auth0/java-jwt,https://github.com/auth0/java-jwt,https://github.com/auth0/java-jwt.git,6207,2014-03-07T15:06:11Z,1580
grafika,google/grafika,https://github.com/google/grafika,https://github.com/google/grafika.git,6160,2013-12-19T18:36:53Z,1092
camel,apache/camel,https://github.com/apache/camel,https://github.com/apache/camel.git,6157,2009-05-21T00:25:36Z,1244642
useful-java-links,Vedenin/useful-java-links,https://github.com/Vedenin/useful-java-links,https://github.com/Vedenin/useful-java-links.git,6155,2016-02-13T13:14:52Z,2325
SoloPi,alipay/SoloPi,https://github.com/alipay/SoloPi,https://github.com/alipay/SoloPi.git,6148,2019-03-14T15:32:49Z,272397
get_jobs,loks666/get_jobs,https://github.com/loks666/get_jobs,https://github.com/loks666/get_jobs.git,6145,2024-03-07T21:34:58Z,47074
SpringBootVulExploit,LandGrey/SpringBootVulExploit,https://github.com/LandGrey/SpringBootVulExploit,https://github.com/LandGrey/SpringBootVulExploit.git,6127,2020-05-20T09:18:44Z,135
vavr,vavr-io/vavr,https://github.com/vavr-io/vavr,https://github.com/vavr-io/vavr.git,6127,2014-01-30T14:07:25Z,25189
kafdrop,obsidiandynamics/kafdrop,https://github.com/obsidiandynamics/kafdrop,https://github.com/obsidiandynamics/kafdrop.git,6126,2019-05-27T08:46:56Z,3052
hudi,apache/hudi,https://github.com/apache/hudi,https://github.com/apache/hudi.git,6126,2016-12-14T15:53:41Z,2677657
SwipeBackLayout,ikew0ng/SwipeBackLayout,https://github.com/ikew0ng/SwipeBackLayout,https://github.com/ikew0ng/SwipeBackLayout.git,6104,2013-08-25T03:36:12Z,2934
MaterialEditText,rengwuxian/MaterialEditText,https://github.com/rengwuxian/MaterialEditText,https://github.com/rengwuxian/MaterialEditText.git,6099,2014-10-30T10:07:23Z,1260
google-java-format,google/google-java-format,https://github.com/google/google-java-format,https://github.com/google/google-java-format.git,6096,2015-05-11T20:38:28Z,2381
NumberProgressBar,daimajia/NumberProgressBar,https://github.com/daimajia/NumberProgressBar,https://github.com/daimajia/NumberProgressBar.git,6094,2014-05-01T08:54:25Z,158
javaparser,javaparser/javaparser,https://github.com/javaparser/javaparser,https://github.com/javaparser/javaparser.git,6065,2011-10-30T14:03:44Z,47549
pinot,apache/pinot,https://github.com/apache/pinot,https://github.com/apache/pinot.git,6052,2014-05-19T23:27:48Z,348515
austin,ZhongFuCheng3y/austin,https://github.com/ZhongFuCheng3y/austin,https://github.com/ZhongFuCheng3y/austin.git,6046,2021-11-06T09:36:01Z,20126
j2objc,google/j2objc,https://github.com/google/j2objc,https://github.com/google/j2objc.git,6045,2014-01-30T20:19:56Z,105098
dynamic-load-apk,singwhatiwanna/dynamic-load-apk,https://github.com/singwhatiwanna/dynamic-load-apk,https://github.com/singwhatiwanna/dynamic-load-apk.git,6026,2014-03-30T11:51:00Z,8956
nifi,apache/nifi,https://github.com/apache/nifi,https://github.com/apache/nifi.git,6025,2014-12-12T08:00:05Z,304572
hive,apache/hive,https://github.com/apache/hive,https://github.com/apache/hive.git,6020,2009-05-21T02:31:01Z,749464
EffectiveAndroidUI,pedrovgs/EffectiveAndroidUI,https://github.com/pedrovgs/EffectiveAndroidUI,https://github.com/pedrovgs/EffectiveAndroidUI.git,6014,2014-07-04T08:42:20Z,998
jeepay,jeequan/jeepay,https://github.com/jeequan/jeepay,https://github.com/jeequan/jeepay.git,6002,2017-08-12T02:40:32Z,6512
robolectric,robolectric/robolectric,https://github.com/robolectric/robolectric,https://github.com/robolectric/robolectric.git,6001,2010-08-28T00:28:25Z,66227
hippo4j,opengoofy/hippo4j,https://github.com/opengoofy/hippo4j,https://github.com/opengoofy/hippo4j.git,5994,2021-06-16T02:59:48Z,23941
datax-web,WeiYe-Jing/datax-web,https://github.com/WeiYe-Jing/datax-web,https://github.com/WeiYe-Jing/datax-web.git,5991,2019-11-19T01:09:05Z,43670
btrace,btraceio/btrace,https://github.com/btraceio/btrace,https://github.com/btraceio/btrace.git,5987,2014-08-28T18:58:24Z,18483
physical-web,google/physical-web,https://github.com/google/physical-web,https://github.com/google/physical-web.git,5980,2014-09-30T18:32:14Z,33447
shattered-pixel-dungeon,00-Evan/shattered-pixel-dungeon,https://github.com/00-Evan/shattered-pixel-dungeon,https://github.com/00-Evan/shattered-pixel-dungeon.git,5976,2014-07-31T21:56:31Z,186532
material,rey5137/material,https://github.com/rey5137/material,https://github.com/rey5137/material.git,5967,2014-12-09T12:07:32Z,3901
xUtils3,wyouflf/xUtils3,https://github.com/wyouflf/xUtils3,https://github.com/wyouflf/xUtils3.git,5959,2015-10-28T10:56:04Z,9041
api-samples,youtube/api-samples,https://github.com/youtube/api-samples,https://github.com/youtube/api-samples.git,5959,2013-12-09T18:41:41Z,816
ssm,liyifeng1994/ssm,https://github.com/liyifeng1994/ssm,https://github.com/liyifeng1994/ssm.git,5939,2016-06-18T17:58:56Z,12364
springfox,springfox/springfox,https://github.com/springfox/springfox,https://github.com/springfox/springfox.git,5938,2012-05-06T06:38:57Z,186279
JSqlParser,JSQLParser/JSqlParser,https://github.com/JSQLParser/JSqlParser,https://github.com/JSQLParser/JSqlParser.git,5937,2011-06-23T22:51:52Z,14429
zxing-android-embedded,journeyapps/zxing-android-embedded,https://github.com/journeyapps/zxing-android-embedded,https://github.com/journeyapps/zxing-android-embedded.git,5935,2012-11-28T16:36:39Z,8388
material-calendarview,prolificinteractive/material-calendarview,https://github.com/prolificinteractive/material-calendarview,https://github.com/prolificinteractive/material-calendarview.git,5929,2015-02-09T22:31:56Z,4823
androidmvp,antoniolg/androidmvp,https://github.com/antoniolg/androidmvp,https://github.com/antoniolg/androidmvp.git,5910,2014-04-02T05:42:20Z,327
tvapk,Archmage83/tvapk,https://github.com/Archmage83/tvapk,https://github.com/Archmage83/tvapk.git,5908,2020-07-29T08:04:37Z,3136659
motan,weibocom/motan,https://github.com/weibocom/motan,https://github.com/weibocom/motan.git,5907,2016-04-20T10:56:17Z,4698
fesod,apache/fesod,https://github.com/apache/fesod,https://github.com/apache/fesod.git,5901,2024-10-05T11:42:50Z,32544
Fast-Android-Networking,amitshekhariitbhu/Fast-Android-Networking,https://github.com/amitshekhariitbhu/Fast-Android-Networking,https://github.com/amitshekhariitbhu/Fast-Android-Networking.git,5891,2016-03-21T18:35:44Z,2845
blade,lets-blade/blade,https://github.com/lets-blade/blade,https://github.com/lets-blade/blade.git,5883,2015-06-10T03:35:49Z,3385
DiskLruCache,JakeWharton/DiskLruCache,https://github.com/JakeWharton/DiskLruCache,https://github.com/JakeWharton/DiskLruCache.git,5865,2012-01-05T00:36:34Z,416
MifareClassicTool,ikarus23/MifareClassicTool,https://github.com/ikarus23/MifareClassicTool,https://github.com/ikarus23/MifareClassicTool.git,5861,2013-02-12T15:39:03Z,7210
PeerBanHelper,PBH-BTN/PeerBanHelper,https://github.com/PBH-BTN/PeerBanHelper,https://github.com/PBH-BTN/PeerBanHelper.git,5858,2024-02-07T14:35:16Z,123357
lanproxy,ffay/lanproxy,https://github.com/ffay/lanproxy,https://github.com/ffay/lanproxy.git,5857,2016-11-20T08:12:10Z,9350
linuxdeploy,meefik/linuxdeploy,https://github.com/meefik/linuxdeploy,https://github.com/meefik/linuxdeploy.git,5797,2012-08-21T04:49:14Z,53204
BoomMenu,Nightonke/BoomMenu,https://github.com/Nightonke/BoomMenu,https://github.com/Nightonke/BoomMenu.git,5791,2016-03-19T12:04:12Z,103934
DiscreteScrollView,yarolegovich/DiscreteScrollView,https://github.com/yarolegovich/DiscreteScrollView,https://github.com/yarolegovich/DiscreteScrollView.git,5786,2017-03-03T23:38:54Z,33353
tcc-transaction,changmingxie/tcc-transaction,https://github.com/changmingxie/tcc-transaction,https://github.com/changmingxie/tcc-transaction.git,5776,2015-12-05T04:27:53Z,7095
Discovery,Nepxion/Discovery,https://github.com/Nepxion/Discovery,https://github.com/Nepxion/Discovery.git,5773,2018-06-21T16:16:49Z,247850
circular-progress-button,dmytrodanylyk/circular-progress-button,https://github.com/dmytrodanylyk/circular-progress-button,https://github.com/dmytrodanylyk/circular-progress-button.git,5757,2014-06-07T12:58:48Z,1127
sensitive-word,houbb/sensitive-word,https://github.com/houbb/sensitive-word,https://github.com/houbb/sensitive-word.git,5752,2020-01-07T03:10:44Z,5723
strimzi-kafka-operator,strimzi/strimzi-kafka-operator,https://github.com/strimzi/strimzi-kafka-operator,https://github.com/strimzi/strimzi-kafka-operator.git,5752,2016-05-06T08:52:33Z,89196
janusgraph,JanusGraph/janusgraph,https://github.com/JanusGraph/janusgraph,https://github.com/JanusGraph/janusgraph.git,5748,2016-12-26T13:26:29Z,60713
FastHub,k0shk0sh/FastHub,https://github.com/k0shk0sh/FastHub,https://github.com/k0shk0sh/FastHub.git,5737,2017-02-18T17:53:16Z,19973
lamp-cloud,dromara/lamp-cloud,https://github.com/dromara/lamp-cloud,https://github.com/dromara/lamp-cloud.git,5733,2018-01-17T02:51:04Z,52183
MusicBot,jagrosh/MusicBot,https://github.com/jagrosh/MusicBot,https://github.com/jagrosh/MusicBot.git,5729,2016-08-14T18:46:29Z,7798
lettuce,redis/lettuce,https://github.com/redis/lettuce,https://github.com/redis/lettuce.git,5728,2014-05-10T13:08:46Z,43823
spring-boot-projects,ZHENFENG13/spring-boot-projects,https://github.com/ZHENFENG13/spring-boot-projects,https://github.com/ZHENFENG13/spring-boot-projects.git,5723,2017-04-01T01:50:14Z,14626
SwipeRecyclerView,yanzhenjie/SwipeRecyclerView,https://github.com/yanzhenjie/SwipeRecyclerView,https://github.com/yanzhenjie/SwipeRecyclerView.git,5718,2016-08-03T15:43:34Z,29347
library,ddd-by-examples/library,https://github.com/ddd-by-examples/library,https://github.com/ddd-by-examples/library.git,5712,2019-01-11T09:14:03Z,48023
aurora-imui,jpush/aurora-imui,https://github.com/jpush/aurora-imui,https://github.com/jpush/aurora-imui.git,5708,2016-12-13T05:24:01Z,11470
InfiniteCycleViewPager,Devlight/InfiniteCycleViewPager,https://github.com/Devlight/InfiniteCycleViewPager,https://github.com/Devlight/InfiniteCycleViewPager.git,5703,2016-08-22T08:04:39Z,279
novel,201206030/novel,https://github.com/201206030/novel,https://github.com/201206030/novel.git,5675,2019-11-11T01:13:52Z,99486
springside4,springside/springside4,https://github.com/springside/springside4,https://github.com/springside/springside4.git,5666,2012-02-23T08:39:03Z,4837
react-native-splash-screen,crazycodeboy/react-native-splash-screen,https://github.com/crazycodeboy/react-native-splash-screen,https://github.com/crazycodeboy/react-native-splash-screen.git,5666,2016-09-14T10:43:55Z,3912
EdXposed,ElderDrivers/EdXposed,https://github.com/ElderDrivers/EdXposed,https://github.com/ElderDrivers/EdXposed.git,5664,2019-01-18T16:18:19Z,12036
u2020,JakeWharton/u2020,https://github.com/JakeWharton/u2020,https://github.com/JakeWharton/u2020.git,5662,2013-11-14T11:58:23Z,9385
Blurry,wasabeef/Blurry,https://github.com/wasabeef/Blurry,https://github.com/wasabeef/Blurry.git,5660,2015-07-23T14:12:08Z,2286
HTextView,hanks-zyh/HTextView,https://github.com/hanks-zyh/HTextView,https://github.com/hanks-zyh/HTextView.git,5657,2015-12-19T16:34:59Z,9880
typespec,microsoft/typespec,https://github.com/microsoft/typespec,https://github.com/microsoft/typespec.git,5649,2021-06-30T23:29:49Z,99889
AndroidImageSlider,daimajia/AndroidImageSlider,https://github.com/daimajia/AndroidImageSlider,https://github.com/daimajia/AndroidImageSlider.git,5620,2014-06-02T06:04:17Z,2165
OsmAnd,osmandapp/OsmAnd,https://github.com/osmandapp/OsmAnd,https://github.com/osmandapp/OsmAnd.git,5608,2011-01-15T19:59:44Z,1138758
Android-ZBLibrary,TommyLemon/Android-ZBLibrary,https://github.com/TommyLemon/Android-ZBLibrary,https://github.com/TommyLemon/Android-ZBLibrary.git,5607,2015-08-20T16:03:53Z,32789
FlowLayout,hongyangAndroid/FlowLayout,https://github.com/hongyangAndroid/FlowLayout,https://github.com/hongyangAndroid/FlowLayout.git,5587,2015-08-28T09:32:31Z,910
hbase,apache/hbase,https://github.com/apache/hbase,https://github.com/apache/hbase.git,5581,2014-05-23T07:00:07Z,513488
uid-generator,baidu/uid-generator,https://github.com/baidu/uid-generator,https://github.com/baidu/uid-generator.git,5581,2017-03-27T04:03:43Z,390
jetcache,alibaba/jetcache,https://github.com/alibaba/jetcache,https://github.com/alibaba/jetcache.git,5573,2017-04-12T07:48:23Z,3853
usb-serial-for-android,mik3y/usb-serial-for-android,https://github.com/mik3y/usb-serial-for-android,https://github.com/mik3y/usb-serial-for-android.git,5564,2013-06-30T23:17:45Z,929
Digital,hneemann/Digital,https://github.com/hneemann/Digital,https://github.com/hneemann/Digital.git,5563,2016-06-28T17:40:16Z,39655
ShowcaseView,amlcurran/ShowcaseView,https://github.com/amlcurran/ShowcaseView,https://github.com/amlcurran/ShowcaseView.git,5562,2012-08-14T19:07:36Z,15237
QLExpress,alibaba/QLExpress,https://github.com/alibaba/QLExpress,https://github.com/alibaba/QLExpress.git,5552,2017-03-15T08:39:54Z,4732
AutoJs6,SuperMonster003/AutoJs6,https://github.com/SuperMonster003/AutoJs6,https://github.com/SuperMonster003/AutoJs6.git,5550,2021-12-01T05:27:22Z,317450
ListViewAnimations,nhaarman/ListViewAnimations,https://github.com/nhaarman/ListViewAnimations,https://github.com/nhaarman/ListViewAnimations.git,5539,2013-03-19T11:59:23Z,25513
disconf,knightliao/disconf,https://github.com/knightliao/disconf,https://github.com/knightliao/disconf.git,5533,2014-05-30T09:39:27Z,8619
AndroidVideoCache,danikula/AndroidVideoCache,https://github.com/danikula/AndroidVideoCache,https://github.com/danikula/AndroidVideoCache.git,5516,2015-04-01T11:25:52Z,116062
MagicCamera,wuhaoyu1990/MagicCamera,https://github.com/wuhaoyu1990/MagicCamera,https://github.com/wuhaoyu1990/MagicCamera.git,5515,2016-01-08T11:36:56Z,17476
sodium,CaffeineMC/sodium,https://github.com/CaffeineMC/sodium,https://github.com/CaffeineMC/sodium.git,5512,2020-02-01T03:04:09Z,8749
QAuxiliary,cinit/QAuxiliary,https://github.com/cinit/QAuxiliary,https://github.com/cinit/QAuxiliary.git,5503,2022-01-29T06:12:36Z,9040
jpexs-decompiler,jindrapetrik/jpexs-decompiler,https://github.com/jindrapetrik/jpexs-decompiler,https://github.com/jindrapetrik/jpexs-decompiler.git,5490,2014-05-10T17:20:56Z,314516
Geyser,GeyserMC/Geyser,https://github.com/GeyserMC/Geyser,https://github.com/GeyserMC/Geyser.git,5486,2019-07-08T17:23:17Z,36580
StickyListHeaders,emilsjolander/StickyListHeaders,https://github.com/emilsjolander/StickyListHeaders,https://github.com/emilsjolander/StickyListHeaders.git,5482,2012-03-11T18:29:18Z,3866
FastBle,Jasonchenlijian/FastBle,https://github.com/Jasonchenlijian/FastBle,https://github.com/Jasonchenlijian/FastBle.git,5476,2016-08-23T02:06:33Z,35234
wechat,motianhuo/wechat,https://github.com/motianhuo/wechat,https://github.com/motianhuo/wechat.git,5469,2015-05-25T02:33:37Z,96503
scribejava,scribejava/scribejava,https://github.com/scribejava/scribejava,https://github.com/scribejava/scribejava.git,5469,2010-09-05T19:11:40Z,2627
freeline,alibaba/freeline,https://github.com/alibaba/freeline,https://github.com/alibaba/freeline.git,5464,2016-08-03T17:22:52Z,75385
liquibase,liquibase/liquibase,https://github.com/liquibase/liquibase,https://github.com/liquibase/liquibase.git,5463,2011-07-08T20:08:20Z,219339
TapTargetView,KeepSafe/TapTargetView,https://github.com/KeepSafe/TapTargetView,https://github.com/KeepSafe/TapTargetView.git,5462,2016-09-11T09:07:36Z,4429
mosby,sockeqwe/mosby,https://github.com/sockeqwe/mosby,https://github.com/sockeqwe/mosby.git,5460,2015-03-25T00:59:19Z,26564
barcodescanner,dm77/barcodescanner,https://github.com/dm77/barcodescanner,https://github.com/dm77/barcodescanner.git,5444,2014-02-24T21:14:09Z,10971
groovy,apache/groovy,https://github.com/apache/groovy,https://github.com/apache/groovy.git,5438,2015-04-16T07:00:05Z,236192
Telegram-X,TGX-Android/Telegram-X,https://github.com/TGX-Android/Telegram-X,https://github.com/TGX-Android/Telegram-X.git,5436,2021-08-17T17:09:25Z,45753
TelegramBots,rubenlagus/TelegramBots,https://github.com/rubenlagus/TelegramBots,https://github.com/rubenlagus/TelegramBots.git,5426,2016-01-14T00:13:07Z,4084
spring-data-examples,spring-projects/spring-data-examples,https://github.com/spring-projects/spring-data-examples,https://github.com/spring-projects/spring-data-examples.git,5416,2014-01-30T15:42:43Z,18035
socket.io-client-java,socketio/socket.io-client-java,https://github.com/socketio/socket.io-client-java,https://github.com/socketio/socket.io-client-java.git,5414,2013-04-28T17:04:05Z,2402
rebound,facebookarchive/rebound,https://github.com/facebookarchive/rebound,https://github.com/facebookarchive/rebound.git,5405,2013-10-11T01:12:37Z,23623
megabasterd,tonikelope/megabasterd,https://github.com/tonikelope/megabasterd,https://github.com/tonikelope/megabasterd.git,5405,2016-09-29T16:54:54Z,85027
thumbnailator,coobird/thumbnailator,https://github.com/coobird/thumbnailator,https://github.com/coobird/thumbnailator.git,5399,2015-07-25T05:38:33Z,11781
dubbo-spring-boot-project,apache/dubbo-spring-boot-project,https://github.com/apache/dubbo-spring-boot-project,https://github.com/apache/dubbo-spring-boot-project.git,5396,2018-01-18T12:10:50Z,1557
killbill,killbill/killbill,https://github.com/killbill/killbill,https://github.com/killbill/killbill.git,5393,2012-10-21T20:55:05Z,681431
web3j,LFDT-web3j/web3j,https://github.com/LFDT-web3j/web3j,https://github.com/LFDT-web3j/web3j.git,5384,2016-09-04T05:48:49Z,11780
spotless,diffplug/spotless,https://github.com/diffplug/spotless,https://github.com/diffplug/spotless.git,5379,2015-04-27T19:10:58Z,23043
shimmer-android,facebookarchive/shimmer-android,https://github.com/facebookarchive/shimmer-android,https://github.com/facebookarchive/shimmer-android.git,5364,2015-02-27T22:25:22Z,4787
android-job,Evernote/android-job,https://github.com/Evernote/android-job,https://github.com/Evernote/android-job.git,5362,2015-08-20T19:36:54Z,1860
pmd,pmd/pmd,https://github.com/pmd/pmd,https://github.com/pmd/pmd.git,5359,2012-07-11T18:03:00Z,562177
android-advancedrecyclerview,h6ah4i/android-advancedrecyclerview,https://github.com/h6ah4i/android-advancedrecyclerview,https://github.com/h6ah4i/android-advancedrecyclerview.git,5339,2015-01-24T16:14:39Z,9111
cw-omnibus,commonsguy/cw-omnibus,https://github.com/commonsguy/cw-omnibus,https://github.com/commonsguy/cw-omnibus.git,5337,2012-03-12T14:12:06Z,75165
picocli,remkop/picocli,https://github.com/remkop/picocli,https://github.com/remkop/picocli.git,5335,2017-02-01T16:38:41Z,84872
SystemBarTint,jgilfelt/SystemBarTint,https://github.com/jgilfelt/SystemBarTint,https://github.com/jgilfelt/SystemBarTint.git,5334,2013-11-17T12:35:05Z,1099
runelite,runelite/runelite,https://github.com/runelite/runelite,https://github.com/runelite/runelite.git,5331,2016-04-30T20:48:02Z,107928
markor,gsantner/markor,https://github.com/gsantner/markor,https://github.com/gsantner/markor.git,5326,2017-08-26T00:08:35Z,38740
google-authenticator,google/google-authenticator,https://github.com/google/google-authenticator,https://github.com/google/google-authenticator.git,5322,2014-10-08T17:54:27Z,2433
XRecyclerView,XRecyclerView/XRecyclerView,https://github.com/XRecyclerView/XRecyclerView,https://github.com/XRecyclerView/XRecyclerView.git,5322,2015-11-18T08:14:22Z,6529
allure2,allure-framework/allure2,https://github.com/allure-framework/allure2,https://github.com/allure-framework/allure2.git,5321,2016-05-27T14:06:05Z,17782
db-tutorial,dunwu/db-tutorial,https://github.com/dunwu/db-tutorial,https://github.com/dunwu/db-tutorial.git,5319,2017-08-08T06:33:38Z,13001
generator,mybatis/generator,https://github.com/mybatis/generator,https://github.com/mybatis/generator.git,5317,2013-02-10T11:14:50Z,64690
DKVideoPlayer,Doikki/DKVideoPlayer,https://github.com/Doikki/DKVideoPlayer,https://github.com/Doikki/DKVideoPlayer.git,5308,2017-04-11T01:33:38Z,90266
lwjgl3,LWJGL/lwjgl3,https://github.com/LWJGL/lwjgl3,https://github.com/LWJGL/lwjgl3.git,5304,2012-12-23T15:40:04Z,132106
Android-Touch-Helper,zfdang/Android-Touch-Helper,https://github.com/zfdang/Android-Touch-Helper,https://github.com/zfdang/Android-Touch-Helper.git,5291,2020-10-16T00:58:41Z,156783
JustTrustMe,Fuzion24/JustTrustMe,https://github.com/Fuzion24/JustTrustMe,https://github.com/Fuzion24/JustTrustMe.git,5289,2014-07-24T23:45:05Z,434
gradle-retrolambda,evant/gradle-retrolambda,https://github.com/evant/gradle-retrolambda,https://github.com/evant/gradle-retrolambda.git,5283,2013-08-05T02:09:58Z,609
Infinity-For-Reddit,Docile-Alligator/Infinity-For-Reddit,https://github.com/Docile-Alligator/Infinity-For-Reddit,https://github.com/Docile-Alligator/Infinity-For-Reddit.git,5272,2018-07-26T15:02:51Z,32061
VitamioBundle,yixia/VitamioBundle,https://github.com/yixia/VitamioBundle,https://github.com/yixia/VitamioBundle.git,5269,2012-10-19T08:40:49Z,186316
android-lifecycle,xxv/android-lifecycle,https://github.com/xxv/android-lifecycle,https://github.com/xxv/android-lifecycle.git,5266,2014-04-18T14:26:22Z,3027
dddsample-core,citerus/dddsample-core,https://github.com/citerus/dddsample-core,https://github.com/citerus/dddsample-core.git,5264,2015-01-31T23:21:37Z,8533
springboot-guide,CodingDocs/springboot-guide,https://github.com/CodingDocs/springboot-guide,https://github.com/CodingDocs/springboot-guide.git,5263,2018-11-28T01:05:07Z,5318
okdownload,lingochamp/okdownload,https://github.com/lingochamp/okdownload,https://github.com/lingochamp/okdownload.git,5258,2017-12-17T08:21:22Z,8129
BasePopup,razerdp/BasePopup,https://github.com/razerdp/BasePopup,https://github.com/razerdp/BasePopup.git,5257,2016-01-15T03:31:07Z,20629
titan,thinkaurelius/titan,https://github.com/thinkaurelius/titan,https://github.com/thinkaurelius/titan.git,5237,2012-02-25T22:53:53Z,91250
easy-rules,j-easy/easy-rules,https://github.com/j-easy/easy-rules,https://github.com/j-easy/easy-rules.git,5236,2013-03-10T14:38:26Z,1776
Side-Menu.Android,Yalantis/Side-Menu.Android,https://github.com/Yalantis/Side-Menu.Android,https://github.com/Yalantis/Side-Menu.Android.git,5234,2015-01-13T11:11:27Z,1048
midjourney-proxy,novicezk/midjourney-proxy,https://github.com/novicezk/midjourney-proxy,https://github.com/novicezk/midjourney-proxy.git,5233,2023-04-24T13:43:45Z,5870
smartTable,huangyanbin/smartTable,https://github.com/huangyanbin/smartTable,https://github.com/huangyanbin/smartTable.git,5231,2017-11-08T01:11:14Z,63951
Android-IMSI-Catcher-Detector,CellularPrivacy/Android-IMSI-Catcher-Detector,https://github.com/CellularPrivacy/Android-IMSI-Catcher-Detector,https://github.com/CellularPrivacy/Android-IMSI-Catcher-Detector.git,5223,2013-11-23T10:04:14Z,11302
twoway-view,lucasr/twoway-view,https://github.com/lucasr/twoway-view,https://github.com/lucasr/twoway-view.git,5218,2013-01-18T20:55:23Z,2554
reactor-core,reactor/reactor-core,https://github.com/reactor/reactor-core,https://github.com/reactor/reactor-core.git,5212,2015-11-10T10:06:40Z,66090
bitcoinj,bitcoinj/bitcoinj,https://github.com/bitcoinj/bitcoinj,https://github.com/bitcoinj/bitcoinj.git,5212,2013-11-19T04:33:23Z,28622
Dexter,Karumi/Dexter,https://github.com/Karumi/Dexter,https://github.com/Karumi/Dexter.git,5208,2015-11-17T13:14:43Z,2928
oshi,oshi/oshi,https://github.com/oshi/oshi,https://github.com/oshi/oshi.git,5197,2012-02-10T12:46:48Z,344963
YCSB,brianfrankcooper/YCSB,https://github.com/brianfrankcooper/YCSB,https://github.com/brianfrankcooper/YCSB.git,5196,2010-04-19T20:52:11Z,32808
JS-Sorting-Algorithm,hustcc/JS-Sorting-Algorithm,https://github.com/hustcc/JS-Sorting-Algorithm,https://github.com/hustcc/JS-Sorting-Algorithm.git,5194,2017-01-19T11:36:21Z,3636
shopping-management-system,zhanglei-workspace/shopping-management-system,https://github.com/zhanglei-workspace/shopping-management-system,https://github.com/zhanglei-workspace/shopping-management-system.git,5191,2015-11-16T12:53:21Z,4353
FloatingActionButton,Clans/FloatingActionButton,https://github.com/Clans/FloatingActionButton,https://github.com/Clans/FloatingActionButton.git,5188,2015-03-21T12:36:16Z,3389
xpay,Exrick/xpay,https://github.com/Exrick/xpay,https://github.com/Exrick/xpay.git,5182,2017-12-12T16:11:19Z,12147
views-widgets-samples,android/views-widgets-samples,https://github.com/android/views-widgets-samples,https://github.com/android/views-widgets-samples.git,5181,2019-09-06T21:39:12Z,63755
aviatorscript,killme2008/aviatorscript,https://github.com/killme2008/aviatorscript,https://github.com/killme2008/aviatorscript.git,5177,2011-03-29T12:48:47Z,13202
dynamic-datasource,baomidou/dynamic-datasource,https://github.com/baomidou/dynamic-datasource,https://github.com/baomidou/dynamic-datasource.git,5155,2018-04-28T02:32:16Z,1387
ctci,careercup/ctci,https://github.com/careercup/ctci,https://github.com/careercup/ctci.git,5145,2013-03-21T23:01:01Z,2169
otto,square/otto,https://github.com/square/otto,https://github.com/square/otto.git,5135,2012-06-27T19:06:49Z,703
CameraView,natario1/CameraView,https://github.com/natario1/CameraView,https://github.com/natario1/CameraView.git,5127,2017-07-18T09:30:33Z,30122
Luyten,deathmarine/Luyten,https://github.com/deathmarine/Luyten,https://github.com/deathmarine/Luyten.git,5117,2013-07-11T10:57:28Z,5857
wgcloud,tianshiyeben/wgcloud,https://github.com/tianshiyeben/wgcloud,https://github.com/tianshiyeben/wgcloud.git,5115,2019-01-15T02:02:21Z,51204
calcite,apache/calcite,https://github.com/apache/calcite,https://github.com/apache/calcite.git,5104,2014-06-25T07:00:07Z,109344
DesignPattern,youlookwhat/DesignPattern,https://github.com/youlookwhat/DesignPattern,https://github.com/youlookwhat/DesignPattern.git,5100,2016-10-21T10:59:32Z,4512
armeria,line/armeria,https://github.com/line/armeria,https://github.com/line/armeria.git,5085,2015-11-16T04:04:01Z,325892
spring-authorization-server,spring-projects/spring-authorization-server,https://github.com/spring-projects/spring-authorization-server,https://github.com/spring-projects/spring-authorization-server.git,5083,2020-03-17T17:28:57Z,6910
sofa-boot,sofastack/sofa-boot,https://github.com/sofastack/sofa-boot,https://github.com/sofastack/sofa-boot.git,5078,2018-04-02T08:28:14Z,4877
XUI,xuexiangjys/XUI,https://github.com/xuexiangjys/XUI,https://github.com/xuexiangjys/XUI.git,5073,2019-01-07T07:59:02Z,279853
bisq,bisq-network/bisq,https://github.com/bisq-network/bisq,https://github.com/bisq-network/bisq.git,5068,2014-03-12T09:42:29Z,937273
opentsdb,OpenTSDB/opentsdb,https://github.com/OpenTSDB/opentsdb,https://github.com/OpenTSDB/opentsdb.git,5064,2010-08-27T02:05:20Z,41493
ignite,apache/ignite,https://github.com/apache/ignite,https://github.com/apache/ignite.git,5059,2015-02-19T08:00:05Z,474363
poi-tl,Sayi/poi-tl,https://github.com/Sayi/poi-tl,https://github.com/Sayi/poi-tl.git,5053,2015-03-20T06:47:52Z,102892
Small,wequick/Small,https://github.com/wequick/Small,https://github.com/wequick/Small.git,5042,2015-11-27T11:37:20Z,7023
Chronos,Kodezi/Chronos,https://github.com/Kodezi/Chronos,https://github.com/Kodezi/Chronos.git,5041,2025-07-21T07:34:10Z,19840
gpmall,2227324689/gpmall,https://github.com/2227324689/gpmall,https://github.com/2227324689/gpmall.git,5040,2019-07-18T14:09:22Z,56925
mapdb,jankotek/mapdb,https://github.com/jankotek/mapdb,https://github.com/jankotek/mapdb.git,5036,2012-08-17T15:28:54Z,10247
spring-boot-best-practice,javastacks/spring-boot-best-practice,https://github.com/javastacks/spring-boot-best-practice,https://github.com/javastacks/spring-boot-best-practice.git,5036,2018-11-09T06:23:18Z,440
android-common,Trinea/android-common,https://github.com/Trinea/android-common,https://github.com/Trinea/android-common.git,5023,2012-06-19T07:49:46Z,1268
android-zxingLibrary,yipianfengye/android-zxingLibrary,https://github.com/yipianfengye/android-zxingLibrary,https://github.com/yipianfengye/android-zxingLibrary.git,5018,2016-07-26T08:00:18Z,10170
CloudReader,youlookwhat/CloudReader,https://github.com/youlookwhat/CloudReader,https://github.com/youlookwhat/CloudReader.git,5008,2016-11-20T11:59:25Z,95457
maven,apache/maven,https://github.com/apache/maven,https://github.com/apache/maven.git,5001,2009-05-21T03:22:03Z,91585
GravitySnapHelper,rubensousa/GravitySnapHelper,https://github.com/rubensousa/GravitySnapHelper,https://github.com/rubensousa/GravitySnapHelper.git,5000,2016-08-31T07:25:23Z,83096
ruoyi-ai,ageerle/ruoyi-ai,https://github.com/ageerle/ruoyi-ai,https://github.com/ageerle/ruoyi-ai.git,4995,2024-01-16T04:16:41Z,66407
joda-time,JodaOrg/joda-time,https://github.com/JodaOrg/joda-time,https://github.com/JodaOrg/joda-time.git,4989,2011-05-16T16:49:57Z,13041
LayoutManagerGroup,DingMouRen/LayoutManagerGroup,https://github.com/DingMouRen/LayoutManagerGroup,https://github.com/DingMouRen/LayoutManagerGroup.git,4988,2018-04-28T11:47:38Z,45688
spring-mvc-showcase,spring-attic/spring-mvc-showcase,https://github.com/spring-attic/spring-mvc-showcase,https://github.com/spring-attic/spring-mvc-showcase.git,4985,2011-06-03T15:36:55Z,765
rstudio,rstudio/rstudio,https://github.com/rstudio/rstudio,https://github.com/rstudio/rstudio.git,4976,2010-12-07T19:10:25Z,1034138
dialogplus,orhanobut/dialogplus,https://github.com/orhanobut/dialogplus,https://github.com/orhanobut/dialogplus.git,4975,2014-12-12T09:24:44Z,6790
UltraViewPager,alibaba/UltraViewPager,https://github.com/alibaba/UltraViewPager,https://github.com/alibaba/UltraViewPager.git,4966,2017-03-29T13:31:53Z,8873
spring-cloud-netflix,spring-cloud/spring-cloud-netflix,https://github.com/spring-cloud/spring-cloud-netflix,https://github.com/spring-cloud/spring-cloud-netflix.git,4963,2014-07-11T15:46:12Z,21087
roncoo-pay,roncoo/roncoo-pay,https://github.com/roncoo/roncoo-pay,https://github.com/roncoo/roncoo-pay.git,4963,2016-07-21T02:46:06Z,18383
querydsl,querydsl/querydsl,https://github.com/querydsl/querydsl,https://github.com/querydsl/querydsl.git,4960,2011-08-05T06:46:32Z,51741
InstaMaterial,frogermcs/InstaMaterial,https://github.com/frogermcs/InstaMaterial,https://github.com/frogermcs/InstaMaterial.git,4954,2014-11-10T18:56:49Z,4531
react-native-config,react-native-config/react-native-config,https://github.com/react-native-config/react-native-config,https://github.com/react-native-config/react-native-config.git,4954,2016-02-23T00:19:11Z,4836
react-native-webrtc,react-native-webrtc/react-native-webrtc,https://github.com/react-native-webrtc/react-native-webrtc,https://github.com/react-native-webrtc/react-native-webrtc.git,4950,2015-09-27T10:57:30Z,432188
orientdb,orientechnologies/orientdb,https://github.com/orientechnologies/orientdb,https://github.com/orientechnologies/orientdb.git,4943,2012-12-09T20:33:47Z,296842
NavigationTabBar,Devlight/NavigationTabBar,https://github.com/Devlight/NavigationTabBar,https://github.com/Devlight/NavigationTabBar.git,4935,2016-03-29T08:59:27Z,389
HeliBoard,HeliBorg/HeliBoard,https://github.com/HeliBorg/HeliBoard,https://github.com/HeliBorg/HeliBoard.git,4931,2022-03-09T08:38:32Z,292755
java-faker,DiUS/java-faker,https://github.com/DiUS/java-faker,https://github.com/DiUS/java-faker.git,4926,2011-06-06T01:01:21Z,6147
RxJava2-Android-Samples,amitshekhariitbhu/RxJava2-Android-Samples,https://github.com/amitshekhariitbhu/RxJava2-Android-Samples,https://github.com/amitshekhariitbhu/RxJava2-Android-Samples.git,4926,2016-08-27T08:21:37Z,477
RippleEffect,traex/RippleEffect,https://github.com/traex/RippleEffect,https://github.com/traex/RippleEffect.git,4904,2014-10-14T13:32:51Z,833
small-spring,fuzhengwei/small-spring,https://github.com/fuzhengwei/small-spring,https://github.com/fuzhengwei/small-spring.git,4900,2021-05-15T06:07:28Z,10594
ipscan,angryip/ipscan,https://github.com/angryip/ipscan,https://github.com/angryip/ipscan.git,4896,2011-06-28T20:58:48Z,117394
cglib,cglib/cglib,https://github.com/cglib/cglib,https://github.com/cglib/cglib.git,4895,2014-03-29T13:48:30Z,4944
folding-cell-android,Ramotion/folding-cell-android,https://github.com/Ramotion/folding-cell-android,https://github.com/Ramotion/folding-cell-android.git,4894,2016-04-01T11:38:47Z,26341
Awesome-POC,Threekiii/Awesome-POC,https://github.com/Threekiii/Awesome-POC,https://github.com/Threekiii/Awesome-POC.git,4886,2022-02-20T06:43:22Z,840547
reactive-streams-jvm,reactive-streams/reactive-streams-jvm,https://github.com/reactive-streams/reactive-streams-jvm,https://github.com/reactive-streams/reactive-streams-jvm.git,4872,2014-02-28T13:16:15Z,1846
unidbg,zhkl0228/unidbg,https://github.com/zhkl0228/unidbg,https://github.com/zhkl0228/unidbg.git,4870,2019-02-26T09:32:15Z,613699
mockserver,mock-server/mockserver,https://github.com/mock-server/mockserver,https://github.com/mock-server/mockserver.git,4860,2013-02-26T06:09:52Z,51573
spring-cloud-gateway,spring-cloud/spring-cloud-gateway,https://github.com/spring-cloud/spring-cloud-gateway,https://github.com/spring-cloud/spring-cloud-gateway.git,4842,2016-11-16T21:42:51Z,15393
micrometer,micrometer-metrics/micrometer,https://github.com/micrometer-metrics/micrometer,https://github.com/micrometer-metrics/micrometer.git,4833,2017-04-10T21:36:51Z,39499
packer-ng-plugin,mcxiaoke/packer-ng-plugin,https://github.com/mcxiaoke/packer-ng-plugin,https://github.com/mcxiaoke/packer-ng-plugin.git,4814,2015-11-24T04:08:08Z,1458
Transitions-Everywhere,andkulikov/Transitions-Everywhere,https://github.com/andkulikov/Transitions-Everywhere,https://github.com/andkulikov/Transitions-Everywhere.git,4798,2014-10-15T03:37:03Z,1247
djl,deepjavalibrary/djl,https://github.com/deepjavalibrary/djl,https://github.com/deepjavalibrary/djl.git,4794,2019-10-29T22:38:54Z,49715
lucida,claritylab/lucida,https://github.com/claritylab/lucida,https://github.com/claritylab/lucida.git,4790,2014-05-13T17:12:49Z,1352332
opengrok,oracle/opengrok,https://github.com/oracle/opengrok,https://github.com/oracle/opengrok.git,4785,2013-01-07T11:49:18Z,541178
mybatis,tuguangquan/mybatis,https://github.com/tuguangquan/mybatis,https://github.com/tuguangquan/mybatis.git,4776,2014-11-03T04:51:06Z,50815
reflections,ronmamo/reflections,https://github.com/ronmamo/reflections,https://github.com/ronmamo/reflections.git,4774,2013-04-16T16:19:26Z,1064
AndroidStaggeredGrid,etsy/AndroidStaggeredGrid,https://github.com/etsy/AndroidStaggeredGrid,https://github.com/etsy/AndroidStaggeredGrid.git,4771,2013-12-09T19:43:45Z,878
supersonic,tencentmusic/supersonic,https://github.com/tencentmusic/supersonic,https://github.com/tencentmusic/supersonic.git,4767,2023-06-12T07:23:28Z,87245
openai-java,TheoKanning/openai-java,https://github.com/TheoKanning/openai-java,https://github.com/TheoKanning/openai-java.git,4763,2020-09-15T02:58:52Z,547
blog_demos,zq2599/blog_demos,https://github.com/zq2599/blog_demos,https://github.com/zq2599/blog_demos.git,4758,2017-04-09T04:51:56Z,248050
Android-ConvenientBanner,saiwu-bigkoo/Android-ConvenientBanner,https://github.com/saiwu-bigkoo/Android-ConvenientBanner,https://github.com/saiwu-bigkoo/Android-ConvenientBanner.git,4757,2014-12-23T06:12:33Z,12540
dynamic-tp,dromara/dynamic-tp,https://github.com/dromara/dynamic-tp,https://github.com/dromara/dynamic-tp.git,4754,2022-01-07T16:35:27Z,18401
android-tips-tricks,nisrulz/android-tips-tricks,https://github.com/nisrulz/android-tips-tricks,https://github.com/nisrulz/android-tips-tricks.git,4752,2016-08-25T20:27:33Z,34266
microservices-platform,zlt2000/microservices-platform,https://github.com/zlt2000/microservices-platform,https://github.com/zlt2000/microservices-platform.git,4749,2019-03-07T07:13:37Z,300854
SwitchButton,kyleduo/SwitchButton,https://github.com/kyleduo/SwitchButton,https://github.com/kyleduo/SwitchButton.git,4747,2014-09-09T07:20:43Z,12162
grobid,grobidOrg/grobid,https://github.com/grobidOrg/grobid,https://github.com/grobidOrg/grobid.git,4742,2012-09-13T15:48:54Z,1983037
baseAdapter,hongyangAndroid/baseAdapter,https://github.com/hongyangAndroid/baseAdapter,https://github.com/hongyangAndroid/baseAdapter.git,4732,2015-08-03T02:55:51Z,724
ForestBlog,saysky/ForestBlog,https://github.com/saysky/ForestBlog,https://github.com/saysky/ForestBlog.git,4721,2017-10-08T15:27:47Z,52149
JSON-java,stleary/JSON-java,https://github.com/stleary/JSON-java,https://github.com/stleary/JSON-java.git,4717,2010-12-21T17:46:09Z,3238
cameraview,google/cameraview,https://github.com/google/cameraview,https://github.com/google/cameraview.git,4713,2016-08-04T05:22:14Z,256
spring-security-oauth,spring-attic/spring-security-oauth,https://github.com/spring-attic/spring-security-oauth,https://github.com/spring-attic/spring-security-oauth.git,4699,2011-07-26T18:08:49Z,7273
libsvm,cjlin1/libsvm,https://github.com/cjlin1/libsvm,https://github.com/cjlin1/libsvm.git,4696,2013-09-10T14:32:07Z,9967
Spring-Boot-In-Action,hansonwang99/Spring-Boot-In-Action,https://github.com/hansonwang99/Spring-Boot-In-Action,https://github.com/hansonwang99/Spring-Boot-In-Action.git,4695,2019-01-28T12:56:51Z,15827
esProc,SPLWare/esProc,https://github.com/SPLWare/esProc,https://github.com/SPLWare/esProc.git,4692,2021-11-09T15:41:25Z,1189424
GDA-android-reversing-Tool,charles2gan/GDA-android-reversing-Tool,https://github.com/charles2gan/GDA-android-reversing-Tool,https://github.com/charles2gan/GDA-android-reversing-Tool.git,4691,2017-10-31T08:18:29Z,82285
ActiveAndroid,pardom-zz/ActiveAndroid,https://github.com/pardom-zz/ActiveAndroid,https://github.com/pardom-zz/ActiveAndroid.git,4688,2012-11-15T18:10:45Z,18083
chuck,jgilfelt/chuck,https://github.com/jgilfelt/chuck,https://github.com/jgilfelt/chuck.git,4686,2017-02-07T23:51:39Z,1899
javacpp,bytedeco/javacpp,https://github.com/bytedeco/javacpp,https://github.com/bytedeco/javacpp.git,4686,2014-04-21T12:47:21Z,11837
--,981011512/--,https://github.com/981011512/--,https://github.com/981011512/--.git,4683,2020-06-18T22:47:21Z,17068
oblivion,bepass-org/oblivion,https://github.com/bepass-org/oblivion,https://github.com/bepass-org/oblivion.git,4683,2024-02-08T05:50:09Z,3308
SpringBoot-Shiro-Vue,Heeexy/SpringBoot-Shiro-Vue,https://github.com/Heeexy/SpringBoot-Shiro-Vue,https://github.com/Heeexy/SpringBoot-Shiro-Vue.git,4678,2017-11-17T18:49:06Z,423
AndroRAT,karma9874/AndroRAT,https://github.com/karma9874/AndroRAT,https://github.com/karma9874/AndroRAT.git,4667,2020-03-22T09:31:28Z,40789
Ant-Media-Server,ant-media/Ant-Media-Server,https://github.com/ant-media/Ant-Media-Server,https://github.com/ant-media/Ant-Media-Server.git,4654,2017-03-01T08:21:13Z,1204908
AndroidHttpCapture,JZ-Darkal/AndroidHttpCapture,https://github.com/JZ-Darkal/AndroidHttpCapture,https://github.com/JZ-Darkal/AndroidHttpCapture.git,4650,2016-10-15T19:48:00Z,5850
JDA,discord-jda/JDA,https://github.com/discord-jda/JDA,https://github.com/discord-jda/JDA.git,4650,2015-12-12T13:57:32Z,39014
MaterialDateTimePicker,wdullaer/MaterialDateTimePicker,https://github.com/wdullaer/MaterialDateTimePicker,https://github.com/wdullaer/MaterialDateTimePicker.git,4642,2015-01-03T19:41:03Z,2001
WePush,rememberber/WePush,https://github.com/rememberber/WePush,https://github.com/rememberber/WePush.git,4640,2017-06-23T09:03:36Z,47382
simplify,CalebFenton/simplify,https://github.com/CalebFenton/simplify,https://github.com/CalebFenton/simplify.git,4638,2014-01-16T05:14:02Z,103553
GCViewer,chewiebug/GCViewer,https://github.com/chewiebug/GCViewer,https://github.com/chewiebug/GCViewer.git,4634,2011-10-23T09:01:04Z,6764
PageIndicatorView,romandanylyk/PageIndicatorView,https://github.com/romandanylyk/PageIndicatorView,https://github.com/romandanylyk/PageIndicatorView.git,4633,2016-08-20T19:25:32Z,33988
cardslib,gabrielemariotti/cardslib,https://github.com/gabrielemariotti/cardslib,https://github.com/gabrielemariotti/cardslib.git,4632,2013-09-20T21:57:19Z,30628
MallChat,zongzibinbin/MallChat,https://github.com/zongzibinbin/MallChat,https://github.com/zongzibinbin/MallChat.git,4630,2023-03-16T15:04:35Z,2144
crawler4j,yasserg/crawler4j,https://github.com/yasserg/crawler4j,https://github.com/yasserg/crawler4j.git,4626,2011-12-31T22:49:18Z,1186
aurora,linhaojun857/aurora,https://github.com/linhaojun857/aurora,https://github.com/linhaojun857/aurora.git,4626,2022-08-19T13:39:16Z,5261
concurrent,RedSpider1/concurrent,https://github.com/RedSpider1/concurrent,https://github.com/RedSpider1/concurrent.git,4621,2018-11-03T13:49:36Z,12619
h2database,h2database/h2database,https://github.com/h2database/h2database,https://github.com/h2database/h2database.git,4619,2015-04-10T19:09:09Z,91588
ribbon,Netflix/ribbon,https://github.com/Netflix/ribbon,https://github.com/Netflix/ribbon.git,4617,2013-01-15T01:08:04Z,3504
rocketmq-externals,apache/rocketmq-externals,https://github.com/apache/rocketmq-externals,https://github.com/apache/rocketmq-externals.git,4615,2017-03-14T07:00:06Z,36288
BilibiliDown,nICEnnnnnnnLee/BilibiliDown,https://github.com/nICEnnnnnnnLee/BilibiliDown,https://github.com/nICEnnnnnnnLee/BilibiliDown.git,4605,2019-01-23T06:56:46Z,52852
objectbox-java,objectbox/objectbox-java,https://github.com/objectbox/objectbox-java,https://github.com/objectbox/objectbox-java.git,4599,2017-01-24T10:29:48Z,3614
JAViewer,SplashCodes/JAViewer,https://github.com/SplashCodes/JAViewer,https://github.com/SplashCodes/JAViewer.git,4590,2016-05-21T08:47:10Z,2335
AndroidTutorialForBeginners,hussien89aa/AndroidTutorialForBeginners,https://github.com/hussien89aa/AndroidTutorialForBeginners,https://github.com/hussien89aa/AndroidTutorialForBeginners.git,4587,2016-09-26T16:36:28Z,688
quasar,puniverse/quasar,https://github.com/puniverse/quasar,https://github.com/puniverse/quasar.git,4564,2013-03-27T14:51:24Z,80585
HyperCeiler,ReChronoRain/HyperCeiler,https://github.com/ReChronoRain/HyperCeiler,https://github.com/ReChronoRain/HyperCeiler.git,4561,2023-10-27T17:17:42Z,73783
SimplifyReader,chentao0707/SimplifyReader,https://github.com/chentao0707/SimplifyReader,https://github.com/chentao0707/SimplifyReader.git,4559,2015-08-17T08:22:53Z,62804
Douya,zhanghai/Douya,https://github.com/zhanghai/Douya,https://github.com/zhanghai/Douya.git,4558,2016-02-01T13:44:19Z,25350
JGrowing,javagrowing/JGrowing,https://github.com/javagrowing/JGrowing,https://github.com/javagrowing/JGrowing.git,4552,2019-02-26T01:55:08Z,2987
epic,tiann/epic,https://github.com/tiann/epic,https://github.com/tiann/epic.git,4543,2017-05-22T02:52:44Z,558
go-lang-idea-plugin,go-lang-plugin-org/go-lang-idea-plugin,https://github.com/go-lang-plugin-org/go-lang-idea-plugin,https://github.com/go-lang-plugin-org/go-lang-idea-plugin.git,4540,2010-08-29T08:20:01Z,34753
Depth-LIB-Android-,danielzeller/Depth-LIB-Android-,https://github.com/danielzeller/Depth-LIB-Android-,https://github.com/danielzeller/Depth-LIB-Android-.git,4540,2016-04-27T09:37:28Z,3656
sqlbrite,square/sqlbrite,https://github.com/square/sqlbrite,https://github.com/square/sqlbrite.git,4537,2015-02-19T04:38:37Z,754
android-crop,jdamcd/android-crop,https://github.com/jdamcd/android-crop,https://github.com/jdamcd/android-crop.git,4535,2014-03-13T10:24:43Z,2835
java-algorithms-implementation,phishman3579/java-algorithms-implementation,https://github.com/phishman3579/java-algorithms-implementation,https://github.com/phishman3579/java-algorithms-implementation.git,4531,2013-11-20T03:30:19Z,1487
novel-plus,201206030/novel-plus,https://github.com/201206030/novel-plus,https://github.com/201206030/novel-plus.git,4520,2020-05-02T07:15:43Z,46783
dexposed,alibaba/dexposed,https://github.com/alibaba/dexposed,https://github.com/alibaba/dexposed.git,4518,2015-06-30T02:59:16Z,1875
jacoco,jacoco/jacoco,https://github.com/jacoco/jacoco,https://github.com/jacoco/jacoco.git,4517,2012-07-08T21:45:13Z,12011
IoT-Technical-Guide,IoT-Technology/IoT-Technical-Guide,https://github.com/IoT-Technology/IoT-Technical-Guide,https://github.com/IoT-Technology/IoT-Technical-Guide.git,4517,2019-04-02T01:52:44Z,1361
azkaban,azkaban/azkaban,https://github.com/azkaban/azkaban,https://github.com/azkaban/azkaban.git,4515,2012-10-18T01:34:53Z,57554
SmoothProgressBar,castorflex/SmoothProgressBar,https://github.com/castorflex/SmoothProgressBar,https://github.com/castorflex/SmoothProgressBar.git,4515,2013-11-27T20:32:16Z,15681
bottomsheet,Flipboard/bottomsheet,https://github.com/Flipboard/bottomsheet,https://github.com/Flipboard/bottomsheet.git,4506,2015-04-23T17:37:32Z,363
Gadgetbridge,Freeyourgadget/Gadgetbridge,https://github.com/Freeyourgadget/Gadgetbridge,https://github.com/Freeyourgadget/Gadgetbridge.git,4487,2015-01-05T23:19:03Z,60912
bilibili-android-client,HotBitmapGG/bilibili-android-client,https://github.com/HotBitmapGG/bilibili-android-client,https://github.com/HotBitmapGG/bilibili-android-client.git,4486,2016-06-01T04:36:01Z,113179
flink-recommandSystem-demo,water8394/flink-recommandSystem-demo,https://github.com/water8394/flink-recommandSystem-demo,https://github.com/water8394/flink-recommandSystem-demo.git,4473,2019-05-15T07:55:35Z,4692
NineOldAndroids,JakeWharton/NineOldAndroids,https://github.com/JakeWharton/NineOldAndroids,https://github.com/JakeWharton/NineOldAndroids.git,4472,2011-12-08T19:46:37Z,1207
Robust,Meituan-Dianping/Robust,https://github.com/Meituan-Dianping/Robust,https://github.com/Meituan-Dianping/Robust.git,4467,2017-03-14T10:14:50Z,26253
flutter-webrtc,flutter-webrtc/flutter-webrtc,https://github.com/flutter-webrtc/flutter-webrtc,https://github.com/flutter-webrtc/flutter-webrtc.git,4452,2018-03-07T02:26:03Z,541129
java-developer-roadmap,s4kibs4mi/java-developer-roadmap,https://github.com/s4kibs4mi/java-developer-roadmap,https://github.com/s4kibs4mi/java-developer-roadmap.git,4452,2019-04-23T06:42:13Z,9029
shiro,apache/shiro,https://github.com/apache/shiro,https://github.com/apache/shiro.git,4440,2009-08-29T08:00:17Z,33157
android-mvp-architecture,janishar/android-mvp-architecture,https://github.com/janishar/android-mvp-architecture,https://github.com/janishar/android-mvp-architecture.git,4432,2017-01-27T08:39:06Z,6144
moco,dreamhead/moco,https://github.com/dreamhead/moco,https://github.com/dreamhead/moco.git,4431,2012-10-18T09:09:51Z,6148
android-times-square,square/android-times-square,https://github.com/square/android-times-square,https://github.com/square/android-times-square.git,4427,2013-01-30T20:28:27Z,1541
GT,Tencent/GT,https://github.com/Tencent/GT,https://github.com/Tencent/GT.git,4415,2016-01-13T10:29:55Z,21307
guide-rpc-framework,Snailclimb/guide-rpc-framework,https://github.com/Snailclimb/guide-rpc-framework,https://github.com/Snailclimb/guide-rpc-framework.git,4398,2020-05-10T13:24:42Z,4408
OpenHub,ThirtyDegreesRay/OpenHub,https://github.com/ThirtyDegreesRay/OpenHub,https://github.com/ThirtyDegreesRay/OpenHub.git,4397,2017-07-11T13:29:51Z,10128
ticker,robinhood/ticker,https://github.com/robinhood/ticker,https://github.com/robinhood/ticker.git,4383,2016-07-15T21:37:52Z,1681
crate,crate/crate,https://github.com/crate/crate,https://github.com/crate/crate.git,4376,2013-04-10T09:17:16Z,173734
mcaselector,Querz/mcaselector,https://github.com/Querz/mcaselector,https://github.com/Querz/mcaselector.git,4365,2018-04-22T22:23:26Z,24050
serve,pytorch/serve,https://github.com/pytorch/serve,https://github.com/pytorch/serve.git,4360,2019-10-03T03:17:43Z,126138
leet-code,awangdev/leet-code,https://github.com/awangdev/leet-code,https://github.com/awangdev/leet-code.git,4358,2015-04-25T19:14:09Z,7524
BottomNavigation,Ashok-Varma/BottomNavigation,https://github.com/Ashok-Varma/BottomNavigation,https://github.com/Ashok-Varma/BottomNavigation.git,4358,2016-03-19T19:19:30Z,3928
frontend-maven-plugin,eirslett/frontend-maven-plugin,https://github.com/eirslett/frontend-maven-plugin,https://github.com/eirslett/frontend-maven-plugin.git,4350,2013-08-30T14:44:38Z,2430
signal-cli,AsamK/signal-cli,https://github.com/AsamK/signal-cli,https://github.com/AsamK/signal-cli.git,4345,2015-05-11T10:49:42Z,6689
LSPosed_mod,mywalkb/LSPosed_mod,https://github.com/mywalkb/LSPosed_mod,https://github.com/mywalkb/LSPosed_mod.git,4342,2022-03-28T08:05:38Z,21897
cyberduck,iterate-ch/cyberduck,https://github.com/iterate-ch/cyberduck,https://github.com/iterate-ch/cyberduck.git,4341,2017-01-20T14:16:34Z,649589
folib,BoCloud/folib,https://github.com/BoCloud/folib,https://github.com/BoCloud/folib.git,4325,2025-07-09T06:22:58Z,188623
dragonwell8,dragonwell-project/dragonwell8,https://github.com/dragonwell-project/dragonwell8,https://github.com/dragonwell-project/dragonwell8.git,4321,2019-03-07T02:57:45Z,1052243
zotfile,jlegewie/zotfile,https://github.com/jlegewie/zotfile,https://github.com/jlegewie/zotfile.git,4320,2011-12-30T14:47:42Z,10517
jitsi,jitsi/jitsi,https://github.com/jitsi/jitsi,https://github.com/jitsi/jitsi.git,4319,2013-04-24T17:37:20Z,579418
ImagePicker,jeasonlzy/ImagePicker,https://github.com/jeasonlzy/ImagePicker,https://github.com/jeasonlzy/ImagePicker.git,4311,2016-01-27T17:05:03Z,21059
open-location-code,google/open-location-code,https://github.com/google/open-location-code,https://github.com/google/open-location-code.git,4309,2014-09-30T18:26:35Z,4823
failsafe,failsafe-lib/failsafe,https://github.com/failsafe-lib/failsafe,https://github.com/failsafe-lib/failsafe.git,4307,2015-06-30T00:56:39Z,1635
pdfsam,torakiki/pdfsam,https://github.com/torakiki/pdfsam,https://github.com/torakiki/pdfsam.git,4306,2013-09-24T11:06:13Z,26941
BGARefreshLayout-Android,bingoogolapple/BGARefreshLayout-Android,https://github.com/bingoogolapple/BGARefreshLayout-Android,https://github.com/bingoogolapple/BGARefreshLayout-Android.git,4304,2015-05-28T16:17:00Z,7569
geoserver,geoserver/geoserver,https://github.com/geoserver/geoserver,https://github.com/geoserver/geoserver.git,4303,2011-11-10T19:56:06Z,374586
streampark,apache/streampark,https://github.com/apache/streampark,https://github.com/apache/streampark.git,4302,2019-05-27T05:56:03Z,48929
jabref,JabRef/jabref,https://github.com/JabRef/jabref,https://github.com/JabRef/jabref.git,4296,2014-03-11T14:48:42Z,262137
java-learning,brianway/java-learning,https://github.com/brianway/java-learning,https://github.com/brianway/java-learning.git,4290,2016-02-09T05:20:58Z,800
fory,apache/fory,https://github.com/apache/fory,https://github.com/apache/fory.git,4287,2023-04-28T03:57:00Z,29723
fastjson2,alibaba/fastjson2,https://github.com/alibaba/fastjson2,https://github.com/alibaba/fastjson2.git,4283,2022-04-17T04:27:24Z,134587
InternetArchitect,bjmashibing/InternetArchitect,https://github.com/bjmashibing/InternetArchitect,https://github.com/bjmashibing/InternetArchitect.git,4281,2019-10-19T16:32:01Z,298764
android-volley,mcxiaoke/android-volley,https://github.com/mcxiaoke/android-volley,https://github.com/mcxiaoke/android-volley.git,4272,2013-05-21T05:35:26Z,952
camunda-bpm-platform,camunda/camunda-bpm-platform,https://github.com/camunda/camunda-bpm-platform,https://github.com/camunda/camunda-bpm-platform.git,4268,2013-01-03T10:10:31Z,190321
CircleIndicator,ongakuer/CircleIndicator,https://github.com/ongakuer/CircleIndicator,https://github.com/ongakuer/CircleIndicator.git,4266,2014-07-30T14:02:56Z,4407
android-autofittextview,grantland/android-autofittextview,https://github.com/grantland/android-autofittextview,https://github.com/grantland/android-autofittextview.git,4263,2011-02-14T06:00:52Z,1190
FairEmail,M66B/FairEmail,https://github.com/M66B/FairEmail,https://github.com/M66B/FairEmail.git,4256,2018-08-02T13:30:25Z,1113420
coursera-android,aporter/coursera-android,https://github.com/aporter/coursera-android,https://github.com/aporter/coursera-android.git,4256,2014-01-05T09:55:31Z,22558
malmo,microsoft/malmo,https://github.com/microsoft/malmo,https://github.com/microsoft/malmo.git,4253,2016-05-17T14:58:40Z,28834
hmily,dromara/hmily,https://github.com/dromara/hmily,https://github.com/dromara/hmily.git,4248,2017-09-28T06:29:01Z,3787
spring-boot-starter,mybatis/spring-boot-starter,https://github.com/mybatis/spring-boot-starter,https://github.com/mybatis/spring-boot-starter.git,4248,2015-09-25T13:05:15Z,16498
dolby_beta,nining377/dolby_beta,https://github.com/nining377/dolby_beta,https://github.com/nining377/dolby_beta.git,4247,2020-05-19T12:13:36Z,101223
maxwell,zendesk/maxwell,https://github.com/zendesk/maxwell,https://github.com/zendesk/maxwell.git,4240,2015-02-09T22:06:13Z,29485
javassist,jboss-javassist/javassist,https://github.com/jboss-javassist/javassist,https://github.com/jboss-javassist/javassist.git,4230,2013-05-24T08:31:32Z,30583
OpenPDF,LibrePDF/OpenPDF,https://github.com/LibrePDF/OpenPDF,https://github.com/LibrePDF/OpenPDF.git,4217,2016-07-11T15:50:34Z,43750
fernflower,JetBrains/fernflower,https://github.com/JetBrains/fernflower,https://github.com/JetBrains/fernflower.git,4214,2014-10-03T05:00:15Z,7768
ShineButton,ChadCSong/ShineButton,https://github.com/ChadCSong/ShineButton,https://github.com/ChadCSong/ShineButton.git,4202,2016-07-05T06:32:26Z,2526
FloatWindow,yhaolpz/FloatWindow,https://github.com/yhaolpz/FloatWindow,https://github.com/yhaolpz/FloatWindow.git,4198,2017-11-14T14:33:55Z,1002
aws-sdk-java,aws/aws-sdk-java,https://github.com/aws/aws-sdk-java,https://github.com/aws/aws-sdk-java.git,4197,2010-03-22T23:34:58Z,6879514
powermock,powermock/powermock,https://github.com/powermock/powermock,https://github.com/powermock/powermock.git,4187,2014-05-28T07:53:53Z,5949
JKeyboardPanelSwitch,Jacksgong/JKeyboardPanelSwitch,https://github.com/Jacksgong/JKeyboardPanelSwitch,https://github.com/Jacksgong/JKeyboardPanelSwitch.git,4184,2015-07-01T17:42:01Z,24090
syncthing-android,syncthing/syncthing-android,https://github.com/syncthing/syncthing-android,https://github.com/syncthing/syncthing-android.git,4183,2014-02-22T17:15:19Z,23375
CoordinatorTabLayout,hugeterry/CoordinatorTabLayout,https://github.com/hugeterry/CoordinatorTabLayout,https://github.com/hugeterry/CoordinatorTabLayout.git,4183,2017-01-27T13:40:28Z,11528
tx-lcn,codingapi/tx-lcn,https://github.com/codingapi/tx-lcn,https://github.com/codingapi/tx-lcn.git,4183,2017-11-11T03:34:34Z,14551
campus-imaotai,oddfar/campus-imaotai,https://github.com/oddfar/campus-imaotai,https://github.com/oddfar/campus-imaotai.git,4182,2023-07-07T10:37:13Z,3073
jmonkeyengine,jMonkeyEngine/jmonkeyengine,https://github.com/jMonkeyEngine/jmonkeyengine,https://github.com/jMonkeyEngine/jmonkeyengine.git,4175,2014-03-20T22:29:28Z,995279
jshERP,jishenghua/jshERP,https://github.com/jishenghua/jshERP,https://github.com/jishenghua/jshERP.git,4175,2016-09-20T04:51:39Z,64542
mlkit,googlesamples/mlkit,https://github.com/googlesamples/mlkit,https://github.com/googlesamples/mlkit.git,4167,2020-05-28T21:40:38Z,47757
BGABanner-Android,bingoogolapple/BGABanner-Android,https://github.com/bingoogolapple/BGABanner-Android,https://github.com/bingoogolapple/BGABanner-Android.git,4167,2014-10-25T17:15:18Z,40655
AndroidWiFiADB,pedrovgs/AndroidWiFiADB,https://github.com/pedrovgs/AndroidWiFiADB,https://github.com/pedrovgs/AndroidWiFiADB.git,4158,2015-10-18T21:58:45Z,3109
lilishop,lilishop/lilishop,https://github.com/lilishop/lilishop,https://github.com/lilishop/lilishop.git,4140,2021-05-14T01:28:51Z,49462
FlatLaf,JFormDesigner/FlatLaf,https://github.com/JFormDesigner/FlatLaf,https://github.com/JFormDesigner/FlatLaf.git,4130,2019-08-19T10:27:05Z,20771
SmartCropper,pqpo/SmartCropper,https://github.com/pqpo/SmartCropper,https://github.com/pqpo/SmartCropper.git,4126,2017-08-03T11:08:41Z,248522
ShedLock,lukas-krecan/ShedLock,https://github.com/lukas-krecan/ShedLock,https://github.com/lukas-krecan/ShedLock.git,4121,2016-12-11T13:53:59Z,10529
HaE,gh0stkey/HaE,https://github.com/gh0stkey/HaE,https://github.com/gh0stkey/HaE.git,4120,2020-03-24T10:12:50Z,12456
bitcoin-wallet,bitcoin-wallet/bitcoin-wallet,https://github.com/bitcoin-wallet/bitcoin-wallet,https://github.com/bitcoin-wallet/bitcoin-wallet.git,4114,2012-03-31T17:06:47Z,42022
LoadingDrawable,dinuscxj/LoadingDrawable,https://github.com/dinuscxj/LoadingDrawable,https://github.com/dinuscxj/LoadingDrawable.git,4106,2016-04-16T07:33:57Z,13846
chunjun,DTStack/chunjun,https://github.com/DTStack/chunjun,https://github.com/DTStack/chunjun.git,4105,2018-04-03T12:44:58Z,132849
Tangram-Android,alibaba/Tangram-Android,https://github.com/alibaba/Tangram-Android,https://github.com/alibaba/Tangram-Android.git,4103,2017-03-29T13:29:57Z,1604
tiny-spring,code4craft/tiny-spring,https://github.com/code4craft/tiny-spring,https://github.com/code4craft/tiny-spring.git,4089,2014-01-10T16:37:57Z,638
bistoury,qunarcorp/bistoury,https://github.com/qunarcorp/bistoury,https://github.com/qunarcorp/bistoury.git,4087,2019-08-01T07:54:25Z,32465
ExpandableTextView,Manabu-GT/ExpandableTextView,https://github.com/Manabu-GT/ExpandableTextView,https://github.com/Manabu-GT/ExpandableTextView.git,4077,2014-05-17T19:40:15Z,4291
jodd,oblac/jodd,https://github.com/oblac/jodd,https://github.com/oblac/jodd.git,4074,2012-09-07T20:26:48Z,42823
hawk,orhanobut/hawk,https://github.com/orhanobut/hawk,https://github.com/orhanobut/hawk.git,4072,2015-02-19T22:25:23Z,967
ViewPagerCards,rubensousa/ViewPagerCards,https://github.com/rubensousa/ViewPagerCards,https://github.com/rubensousa/ViewPagerCards.git,4069,2016-08-20T15:24:12Z,107
jetty.project,jetty/jetty.project,https://github.com/jetty/jetty.project,https://github.com/jetty/jetty.project.git,4066,2011-07-14T01:11:57Z,280016
ripme,RipMeApp/ripme,https://github.com/RipMeApp/ripme,https://github.com/RipMeApp/ripme.git,4063,2017-01-06T17:12:09Z,5169
camunda,camunda/camunda,https://github.com/camunda/camunda,https://github.com/camunda/camunda.git,4058,2016-03-20T03:38:04Z,886545
XChange,knowm/XChange,https://github.com/knowm/XChange,https://github.com/knowm/XChange.git,4051,2012-02-02T10:48:28Z,53463
java-tron,tronprotocol/java-tron,https://github.com/tronprotocol/java-tron,https://github.com/tronprotocol/java-tron.git,4047,2017-12-26T10:20:38Z,213333
CC,luckybilly/CC,https://github.com/luckybilly/CC,https://github.com/luckybilly/CC.git,4046,2017-11-23T16:26:33Z,32435
Create,Creators-of-Create/Create,https://github.com/Creators-of-Create/Create,https://github.com/Creators-of-Create/Create.git,4037,2019-07-18T08:27:10Z,95739
freeplane,freeplane/freeplane,https://github.com/freeplane/freeplane,https://github.com/freeplane/freeplane.git,4026,2012-09-13T08:55:51Z,233116
NullAway,uber/NullAway,https://github.com/uber/NullAway,https://github.com/uber/NullAway.git,4025,2017-09-01T17:35:57Z,8374
XCL-Charts,xcltapestry/XCL-Charts,https://github.com/xcltapestry/XCL-Charts,https://github.com/xcltapestry/XCL-Charts.git,4021,2014-06-09T15:44:50Z,127035
greys-anatomy,oldmanpushcart/greys-anatomy,https://github.com/oldmanpushcart/greys-anatomy,https://github.com/oldmanpushcart/greys-anatomy.git,4019,2012-11-21T19:39:35Z,1769
Bolts-Android,BoltsFramework/Bolts-Android,https://github.com/BoltsFramework/Bolts-Android,https://github.com/BoltsFramework/Bolts-Android.git,4019,2014-01-30T04:58:14Z,476
effective-java-3e-source-code,jbloch/effective-java-3e-source-code,https://github.com/jbloch/effective-java-3e-source-code,https://github.com/jbloch/effective-java-3e-source-code.git,4015,2018-08-03T20:48:35Z,89
awaitility,awaitility/awaitility,https://github.com/awaitility/awaitility,https://github.com/awaitility/awaitility.git,4002,2010-01-22T15:12:52Z,1377
FloatingActionButton,makovkastar/FloatingActionButton,https://github.com/makovkastar/FloatingActionButton,https://github.com/makovkastar/FloatingActionButton.git,3998,2014-07-22T13:29:55Z,11228
interviewGuide,NotFound9/interviewGuide,https://github.com/NotFound9/interviewGuide,https://github.com/NotFound9/interviewGuide.git,3995,2016-04-20T07:17:09Z,62214
Phoenix,Yalantis/Phoenix,https://github.com/Yalantis/Phoenix,https://github.com/Yalantis/Phoenix.git,3991,2015-01-12T14:11:20Z,663
TwinklingRefreshLayout,lcodecorex/TwinklingRefreshLayout,https://github.com/lcodecorex/TwinklingRefreshLayout,https://github.com/lcodecorex/TwinklingRefreshLayout.git,3990,2016-03-02T12:11:56Z,82617
LiveEventBus,JeremyLiao/LiveEventBus,https://github.com/JeremyLiao/LiveEventBus,https://github.com/JeremyLiao/LiveEventBus.git,3987,2018-07-11T07:36:59Z,2678
BigImageViewer,Piasy/BigImageViewer,https://github.com/Piasy/BigImageViewer,https://github.com/Piasy/BigImageViewer.git,3987,2016-11-06T09:55:02Z,55900
Leetcode,fishercoder1534/Leetcode,https://github.com/fishercoder1534/Leetcode,https://github.com/fishercoder1534/Leetcode.git,3980,2016-07-31T05:28:15Z,11968
screw,pingfangushi/screw,https://github.com/pingfangushi/screw,https://github.com/pingfangushi/screw.git,3976,2020-06-21T11:37:06Z,2092
hello-java,mouredev/hello-java,https://github.com/mouredev/hello-java,https://github.com/mouredev/hello-java.git,3975,2025-03-25T11:15:12Z,808
BadgeView,qstumn/BadgeView,https://github.com/qstumn/BadgeView,https://github.com/qstumn/BadgeView.git,3972,2017-02-08T02:01:39Z,9326
tech-weekly,mercyblitz/tech-weekly,https://github.com/mercyblitz/tech-weekly,https://github.com/mercyblitz/tech-weekly.git,3971,2018-12-03T03:10:52Z,19564
XposedInstaller,rovo89/XposedInstaller,https://github.com/rovo89/XposedInstaller,https://github.com/rovo89/XposedInstaller.git,3971,2012-04-02T20:33:05Z,18977
BlurView,Dimezis/BlurView,https://github.com/Dimezis/BlurView,https://github.com/Dimezis/BlurView.git,3964,2016-04-21T16:00:07Z,13486
RichText,zzhoujay/RichText,https://github.com/zzhoujay/RichText,https://github.com/zzhoujay/RichText.git,3963,2015-07-21T09:36:01Z,2485
bundletool,google/bundletool,https://github.com/google/bundletool,https://github.com/google/bundletool.git,3961,2018-05-04T07:24:09Z,11028
leetcode-editor,shuzijun/leetcode-editor,https://github.com/shuzijun/leetcode-editor,https://github.com/shuzijun/leetcode-editor.git,3959,2019-03-19T16:32:17Z,30759
java,kubernetes-client/java,https://github.com/kubernetes-client/java,https://github.com/kubernetes-client/java.git,3955,2017-05-08T21:52:58Z,67025
GuideView,binIoter/GuideView,https://github.com/binIoter/GuideView,https://github.com/binIoter/GuideView.git,3954,2016-06-19T08:52:25Z,7068
DataMiningAlgorithm,linyiqun/DataMiningAlgorithm,https://github.com/linyiqun/DataMiningAlgorithm,https://github.com/linyiqun/DataMiningAlgorithm.git,3951,2015-01-11T02:50:28Z,535
TinyPinyin,promeG/TinyPinyin,https://github.com/promeG/TinyPinyin,https://github.com/promeG/TinyPinyin.git,3938,2015-09-30T03:24:50Z,619
android-iconify,JoanZapata/android-iconify,https://github.com/JoanZapata/android-iconify,https://github.com/JoanZapata/android-iconify.git,3932,2013-06-12T11:42:01Z,3689
RxJavaSamples,rengwuxian/RxJavaSamples,https://github.com/rengwuxian/RxJavaSamples,https://github.com/rengwuxian/RxJavaSamples.git,3924,2016-03-24T13:08:10Z,4613
sofa-rpc,sofastack/sofa-rpc,https://github.com/sofastack/sofa-rpc,https://github.com/sofastack/sofa-rpc.git,3922,2018-04-09T03:32:04Z,4060
IDDD_Samples,VaughnVernon/IDDD_Samples,https://github.com/VaughnVernon/IDDD_Samples,https://github.com/VaughnVernon/IDDD_Samples.git,3921,2013-04-08T22:12:57Z,546
Launcher3,amirzaidi/Launcher3,https://github.com/amirzaidi/Launcher3,https://github.com/amirzaidi/Launcher3.git,3907,2017-05-30T12:53:32Z,129066
learning-spark,databricks/learning-spark,https://github.com/databricks/learning-spark,https://github.com/databricks/learning-spark.git,3900,2014-06-16T04:47:54Z,372
Conductor,bluelinelabs/Conductor,https://github.com/bluelinelabs/Conductor,https://github.com/bluelinelabs/Conductor.git,3900,2016-03-16T18:42:41Z,3766
shopizer,shopizer-ecommerce/shopizer,https://github.com/shopizer-ecommerce/shopizer,https://github.com/shopizer-ecommerce/shopizer.git,3899,2012-11-21T03:42:39Z,566507
BackgroundLibrary,JavaNoober/BackgroundLibrary,https://github.com/JavaNoober/BackgroundLibrary,https://github.com/JavaNoober/BackgroundLibrary.git,3895,2018-09-09T08:52:45Z,14430
xboot,Exrick/xboot,https://github.com/Exrick/xboot,https://github.com/Exrick/xboot.git,3892,2018-04-23T14:44:18Z,5309
jstorm,alibaba/jstorm,https://github.com/alibaba/jstorm,https://github.com/alibaba/jstorm.git,3885,2013-09-03T03:53:16Z,108125
Timeline-View,vipulasri/Timeline-View,https://github.com/vipulasri/Timeline-View,https://github.com/vipulasri/Timeline-View.git,3882,2015-12-15T14:55:04Z,23276
DSBridge-Android,wendux/DSBridge-Android,https://github.com/wendux/DSBridge-Android,https://github.com/wendux/DSBridge-Android.git,3880,2017-01-02T11:58:53Z,902
react-native-share,react-native-share/react-native-share,https://github.com/react-native-share/react-native-share,https://github.com/react-native-share/react-native-share.git,3877,2015-09-30T02:27:34Z,14203
My-Blog,ZHENFENG13/My-Blog,https://github.com/ZHENFENG13/My-Blog,https://github.com/ZHENFENG13/My-Blog.git,3877,2019-03-04T09:17:00Z,30373
Sui,RikkaApps/Sui,https://github.com/RikkaApps/Sui,https://github.com/RikkaApps/Sui.git,3870,2021-01-03T08:26:16Z,779
pixel-dungeon,watabou/pixel-dungeon,https://github.com/watabou/pixel-dungeon,https://github.com/watabou/pixel-dungeon.git,3861,2014-07-26T17:34:32Z,8161
PCAPdroid,emanuele-f/PCAPdroid,https://github.com/emanuele-f/PCAPdroid,https://github.com/emanuele-f/PCAPdroid.git,3857,2020-01-06T18:11:27Z,16830
sticky-headers-recyclerview,timehop/sticky-headers-recyclerview,https://github.com/timehop/sticky-headers-recyclerview,https://github.com/timehop/sticky-headers-recyclerview.git,3856,2014-10-03T01:57:46Z,337
AndServer,yanzhenjie/AndServer,https://github.com/yanzhenjie/AndServer,https://github.com/yanzhenjie/AndServer.git,3855,2016-06-14T00:52:52Z,6648
yacy_search_server,yacy/yacy_search_server,https://github.com/yacy/yacy_search_server,https://github.com/yacy/yacy_search_server.git,3854,2015-03-22T12:54:20Z,823140
uncle-novel,uncle-novel/uncle-novel,https://github.com/uncle-novel/uncle-novel,https://github.com/uncle-novel/uncle-novel.git,3850,2018-12-11T12:15:30Z,90990
Terasology,MovingBlocks/Terasology,https://github.com/MovingBlocks/Terasology,https://github.com/MovingBlocks/Terasology.git,3846,2011-03-04T03:49:19Z,306080
RoaringBitmap,RoaringBitmap/RoaringBitmap,https://github.com/RoaringBitmap/RoaringBitmap,https://github.com/RoaringBitmap/RoaringBitmap.git,3845,2013-06-17T20:29:23Z,90914
spotbugs,spotbugs/spotbugs,https://github.com/spotbugs/spotbugs,https://github.com/spotbugs/spotbugs.git,3843,2016-11-04T22:18:08Z,147697
MaterialSearchView,MiguelCatalan/MaterialSearchView,https://github.com/MiguelCatalan/MaterialSearchView,https://github.com/MiguelCatalan/MaterialSearchView.git,3828,2015-09-14T17:13:46Z,4665
ahbottomnavigation,aurelhubert/ahbottomnavigation,https://github.com/aurelhubert/ahbottomnavigation,https://github.com/aurelhubert/ahbottomnavigation.git,3825,2016-03-17T12:17:56Z,5644
CircleProgress,happydog-intj/CircleProgress,https://github.com/happydog-intj/CircleProgress,https://github.com/happydog-intj/CircleProgress.git,3816,2014-10-30T16:14:42Z,2538
JCTools,JCTools/JCTools,https://github.com/JCTools/JCTools,https://github.com/JCTools/JCTools.git,3810,2013-11-10T18:04:40Z,7985
sofa-jraft,sofastack/sofa-jraft,https://github.com/sofastack/sofa-jraft,https://github.com/sofastack/sofa-jraft.git,3800,2019-03-04T10:13:43Z,3267
blossom,blossom-editor/blossom,https://github.com/blossom-editor/blossom,https://github.com/blossom-editor/blossom.git,3795,2023-08-07T03:02:17Z,63301
MarqueeView,sunfusheng/MarqueeView,https://github.com/sunfusheng/MarqueeView,https://github.com/sunfusheng/MarqueeView.git,3790,2016-06-01T06:50:46Z,12351
SwipeDelMenuLayout,mcxtzhang/SwipeDelMenuLayout,https://github.com/mcxtzhang/SwipeDelMenuLayout,https://github.com/mcxtzhang/SwipeDelMenuLayout.git,3788,2016-08-25T08:10:45Z,5660
NoHttp,yanzhenjie/NoHttp,https://github.com/yanzhenjie/NoHttp,https://github.com/yanzhenjie/NoHttp.git,3786,2015-07-29T06:11:12Z,54486
akhq,tchiotludo/akhq,https://github.com/tchiotludo/akhq,https://github.com/tchiotludo/akhq.git,3783,2018-09-09T19:35:39Z,43279
learning-note,rbmonster/learning-note,https://github.com/rbmonster/learning-note,https://github.com/rbmonster/learning-note.git,3783,2020-06-15T16:47:25Z,67628
DevOps-Projects,NotHarshhaa/DevOps-Projects,https://github.com/NotHarshhaa/DevOps-Projects,https://github.com/NotHarshhaa/DevOps-Projects.git,3778,2023-08-09T04:19:38Z,26710
BannerViewPager,zhpanvip/BannerViewPager,https://github.com/zhpanvip/BannerViewPager,https://github.com/zhpanvip/BannerViewPager.git,3778,2017-03-28T09:11:11Z,134133
mpush,mpusher/mpush,https://github.com/mpusher/mpush,https://github.com/mpusher/mpush.git,3774,2016-04-28T01:43:19Z,2595
kylin,apache/kylin,https://github.com/apache/kylin,https://github.com/apache/kylin.git,3766,2015-01-03T08:00:05Z,573833
SuperTextView,lygttpod/SuperTextView,https://github.com/lygttpod/SuperTextView,https://github.com/lygttpod/SuperTextView.git,3765,2016-10-19T04:06:54Z,25933
blurkit-android,CameraKit/blurkit-android,https://github.com/CameraKit/blurkit-android,https://github.com/CameraKit/blurkit-android.git,3764,2016-11-06T03:14:58Z,6270
CustomActivityOnCrash,Ereza/CustomActivityOnCrash,https://github.com/Ereza/CustomActivityOnCrash,https://github.com/Ereza/CustomActivityOnCrash.git,3762,2014-07-04T19:46:21Z,622
helidon,helidon-io/helidon,https://github.com/helidon-io/helidon,https://github.com/helidon-io/helidon.git,3761,2018-08-27T11:03:52Z,131863
FoldCraftLauncher,FCL-Team/FoldCraftLauncher,https://github.com/FCL-Team/FoldCraftLauncher,https://github.com/FCL-Team/FoldCraftLauncher.git,3746,2022-10-19T10:12:18Z,1226101
atmosphere,Atmosphere/atmosphere,https://github.com/Atmosphere/atmosphere,https://github.com/Atmosphere/atmosphere.git,3745,2010-06-30T14:26:23Z,174808
roboguice,roboguice/roboguice,https://github.com/roboguice/roboguice,https://github.com/roboguice/roboguice.git,3744,2012-08-12T20:37:19Z,70278
tablesaw,jtablesaw/tablesaw,https://github.com/jtablesaw/tablesaw,https://github.com/jtablesaw/tablesaw.git,3744,2016-01-01T14:58:28Z,66317
undertow,undertow-io/undertow,https://github.com/undertow-io/undertow,https://github.com/undertow-io/undertow.git,3743,2012-07-19T00:52:44Z,29096
maestro,Netflix/maestro,https://github.com/Netflix/maestro,https://github.com/Netflix/maestro.git,3742,2024-04-17T01:15:56Z,2674
portfolio,portfolio-performance/portfolio,https://github.com/portfolio-performance/portfolio,https://github.com/portfolio-performance/portfolio.git,3734,2012-03-24T09:43:08Z,64831
ShadowLayout,lihangleo2/ShadowLayout,https://github.com/lihangleo2/ShadowLayout,https://github.com/lihangleo2/ShadowLayout.git,3731,2019-07-09T07:17:06Z,4202
JavaSourceCodeLearning,coderbruis/JavaSourceCodeLearning,https://github.com/coderbruis/JavaSourceCodeLearning,https://github.com/coderbruis/JavaSourceCodeLearning.git,3731,2020-06-02T13:34:20Z,8297
andOTP,andOTP/andOTP,https://github.com/andOTP/andOTP,https://github.com/andOTP/andOTP.git,3730,2017-07-05T11:39:52Z,13870
Skeleton,ethanhua/Skeleton,https://github.com/ethanhua/Skeleton,https://github.com/ethanhua/Skeleton.git,3724,2017-07-30T06:42:39Z,17001
ChatKit,stfalcon-studio/ChatKit,https://github.com/stfalcon-studio/ChatKit,https://github.com/stfalcon-studio/ChatKit.git,3722,2017-02-02T09:37:15Z,6136
Java,HelloWorld521/Java,https://github.com/HelloWorld521/Java,https://github.com/HelloWorld521/Java.git,3715,2016-12-08T14:01:46Z,28772
dinky,DataLinkDC/dinky,https://github.com/DataLinkDC/dinky,https://github.com/DataLinkDC/dinky.git,3714,2021-06-09T07:11:26Z,39754
spruce-android,willowtreeapps/spruce-android,https://github.com/willowtreeapps/spruce-android,https://github.com/willowtreeapps/spruce-android.git,3712,2017-02-23T20:34:18Z,8169
Play-with-Algorithms,liuyubobobo/Play-with-Algorithms,https://github.com/liuyubobobo/Play-with-Algorithms,https://github.com/liuyubobobo/Play-with-Algorithms.git,3710,2016-07-05T18:16:22Z,112003
Chronicle-Queue,OpenHFT/Chronicle-Queue,https://github.com/OpenHFT/Chronicle-Queue,https://github.com/OpenHFT/Chronicle-Queue.git,3706,2013-06-02T15:11:33Z,32995
grpc-spring,grpc-ecosystem/grpc-spring,https://github.com/grpc-ecosystem/grpc-spring,https://github.com/grpc-ecosystem/grpc-spring.git,3706,2016-12-30T09:06:15Z,3937
ByteLegend,ByteLegend/ByteLegend,https://github.com/ByteLegend/ByteLegend,https://github.com/ByteLegend/ByteLegend.git,3705,2021-02-01T10:11:30Z,71743
StylishMusicPlayer,ryanhoo/StylishMusicPlayer,https://github.com/ryanhoo/StylishMusicPlayer,https://github.com/ryanhoo/StylishMusicPlayer.git,3700,2016-09-13T14:38:32Z,2929
liteflow,dromara/liteflow,https://github.com/dromara/liteflow,https://github.com/dromara/liteflow.git,3698,2020-03-25T16:49:22Z,10516
Android-BluetoothKit,dingjikerbo/Android-BluetoothKit,https://github.com/dingjikerbo/Android-BluetoothKit,https://github.com/dingjikerbo/Android-BluetoothKit.git,3695,2015-10-08T09:07:33Z,3989
jackson-databind,FasterXML/jackson-databind,https://github.com/FasterXML/jackson-databind,https://github.com/FasterXML/jackson-databind.git,3695,2011-12-23T07:17:41Z,86919
dependency-track,DependencyTrack/dependency-track,https://github.com/DependencyTrack/dependency-track,https://github.com/DependencyTrack/dependency-track.git,3691,2013-07-16T19:16:43Z,114081
ftgo-application,microservices-patterns/ftgo-application,https://github.com/microservices-patterns/ftgo-application,https://github.com/microservices-patterns/ftgo-application.git,3691,2017-10-23T04:30:04Z,1448
springdoc-openapi,springdoc/springdoc-openapi,https://github.com/springdoc/springdoc-openapi,https://github.com/springdoc/springdoc-openapi.git,3689,2019-07-11T23:08:20Z,17149
Iris,IrisShaders/Iris,https://github.com/IrisShaders/Iris,https://github.com/IrisShaders/Iris.git,3689,2020-10-22T20:21:12Z,58862
incubator-heron,apache/incubator-heron,https://github.com/apache/incubator-heron,https://github.com/apache/incubator-heron.git,3687,2015-09-25T16:09:24Z,183934
smart-admin,1024-lab/smart-admin,https://github.com/1024-lab/smart-admin,https://github.com/1024-lab/smart-admin.git,3687,2019-11-16T02:30:31Z,36373
brigadier,Mojang/brigadier,https://github.com/Mojang/brigadier,https://github.com/Mojang/brigadier.git,3680,2014-09-15T08:48:24Z,470
databus,linkedin/databus,https://github.com/linkedin/databus,https://github.com/linkedin/databus.git,3677,2012-12-17T17:49:17Z,51191
light-4j,networknt/light-4j,https://github.com/networknt/light-4j,https://github.com/networknt/light-4j.git,3676,2016-09-09T22:28:14Z,13890
Cimoc,Haleydu/Cimoc,https://github.com/Haleydu/Cimoc,https://github.com/Haleydu/Cimoc.git,3673,2020-07-09T03:09:02Z,15827
groupie,lisawray/groupie,https://github.com/lisawray/groupie,https://github.com/lisawray/groupie.git,3668,2016-09-01T20:59:35Z,678
ASimpleCache,yangfuhai/ASimpleCache,https://github.com/yangfuhai/ASimpleCache,https://github.com/yangfuhai/ASimpleCache.git,3666,2013-07-28T13:50:59Z,719
marshalsec,mbechler/marshalsec,https://github.com/mbechler/marshalsec,https://github.com/mbechler/marshalsec.git,3665,2017-05-22T11:43:57Z,469
rejoiner,google/rejoiner,https://github.com/google/rejoiner,https://github.com/google/rejoiner.git,3664,2017-12-06T19:09:53Z,793
tika,apache/tika,https://github.com/apache/tika,https://github.com/apache/tika.git,3661,2009-05-21T02:12:11Z,347511
initializr,spring-io/initializr,https://github.com/spring-io/initializr,https://github.com/spring-io/initializr.git,3659,2013-06-07T16:02:22Z,11644
Linkage-RecyclerView,KunMinX/Linkage-RecyclerView,https://github.com/KunMinX/Linkage-RecyclerView,https://github.com/KunMinX/Linkage-RecyclerView.git,3659,2019-04-22T04:39:46Z,761
hackpad,dropbox/hackpad,https://github.com/dropbox/hackpad,https://github.com/dropbox/hackpad.git,3659,2015-08-14T02:32:17Z,110132
android-hidden-api,anggrayudi/android-hidden-api,https://github.com/anggrayudi/android-hidden-api,https://github.com/anggrayudi/android-hidden-api.git,3658,2015-09-16T11:58:33Z,334972
libstreaming,fyhertz/libstreaming,https://github.com/fyhertz/libstreaming,https://github.com/fyhertz/libstreaming.git,3657,2013-01-30T21:24:47Z,1537
NewbieGuide,huburt-Hu/NewbieGuide,https://github.com/huburt-Hu/NewbieGuide,https://github.com/huburt-Hu/NewbieGuide.git,3645,2017-07-28T06:54:05Z,795
ArchUnit,TNG/ArchUnit,https://github.com/TNG/ArchUnit,https://github.com/TNG/ArchUnit.git,3642,2017-04-21T08:39:20Z,17301
kubernetes-client,fabric8io/kubernetes-client,https://github.com/fabric8io/kubernetes-client,https://github.com/fabric8io/kubernetes-client.git,3636,2015-07-09T15:43:13Z,522043
android-common,litesuits/android-common,https://github.com/litesuits/android-common,https://github.com/litesuits/android-common.git,3630,2014-05-29T08:08:00Z,594
spock,spockframework/spock,https://github.com/spockframework/spock,https://github.com/spockframework/spock.git,3625,2010-12-12T19:02:34Z,36540
Alink,alibaba/Alink,https://github.com/alibaba/Alink,https://github.com/alibaba/Alink.git,3620,2018-09-30T06:36:11Z,18863
chatgpt-java,PlexPt/chatgpt-java,https://github.com/PlexPt/chatgpt-java,https://github.com/PlexPt/chatgpt-java.git,3616,2022-12-07T04:55:33Z,441
data-transfer-project,dtinit/data-transfer-project,https://github.com/dtinit/data-transfer-project,https://github.com/dtinit/data-transfer-project.git,3609,2018-01-04T21:27:57Z,11249
emojicon,rockerhieu/emojicon,https://github.com/rockerhieu/emojicon,https://github.com/rockerhieu/emojicon.git,3608,2014-01-18T12:32:38Z,9713
Android,hmkcode/Android,https://github.com/hmkcode/Android,https://github.com/hmkcode/Android.git,3606,2013-09-02T16:12:28Z,1841
island,oasisfeng/island,https://github.com/oasisfeng/island,https://github.com/oasisfeng/island.git,3604,2016-04-23T11:30:18Z,3182
android-maps-utils,googlemaps/android-maps-utils,https://github.com/googlemaps/android-maps-utils,https://github.com/googlemaps/android-maps-utils.git,3603,2013-05-17T00:08:48Z,22825
Nekogram,Nekogram/Nekogram,https://github.com/Nekogram/Nekogram,https://github.com/Nekogram/Nekogram.git,3598,2023-09-10T07:07:51Z,525316
termux-api,termux/termux-api,https://github.com/termux/termux-api,https://github.com/termux/termux-api.git,3594,2015-07-03T00:57:59Z,1343
android,cSploit/android,https://github.com/cSploit/android,https://github.com/cSploit/android.git,3592,2014-10-04T05:53:29Z,39651
logging-log4j2,apache/logging-log4j2,https://github.com/apache/logging-log4j2,https://github.com/apache/logging-log4j2.git,3589,2013-06-12T07:00:19Z,147472
ExplosionField,tyrantgit/ExplosionField,https://github.com/tyrantgit/ExplosionField,https://github.com/tyrantgit/ExplosionField.git,3585,2015-09-23T11:34:50Z,1570
vertx-examples,vert-x3/vertx-examples,https://github.com/vert-x3/vertx-examples,https://github.com/vert-x3/vertx-examples.git,3584,2015-02-24T17:42:44Z,52127
android-stackblur,kikoso/android-stackblur,https://github.com/kikoso/android-stackblur,https://github.com/kikoso/android-stackblur.git,3582,2013-08-15T14:44:32Z,6716
AppUpdate,WVector/AppUpdate,https://github.com/WVector/AppUpdate,https://github.com/WVector/AppUpdate.git,3581,2017-06-19T09:38:42Z,50788
AxonFramework,AxonFramework/AxonFramework,https://github.com/AxonFramework/AxonFramework,https://github.com/AxonFramework/AxonFramework.git,3570,2011-12-02T16:04:42Z,78010
FlexibleAdapter,davideas/FlexibleAdapter,https://github.com/davideas/FlexibleAdapter,https://github.com/davideas/FlexibleAdapter.git,3570,2015-05-02T22:00:43Z,10885
DropDownMenu,dongjunkun/DropDownMenu,https://github.com/dongjunkun/DropDownMenu,https://github.com/dongjunkun/DropDownMenu.git,3567,2015-06-23T07:43:56Z,14892
MyPerf4J,LinShunKang/MyPerf4J,https://github.com/LinShunKang/MyPerf4J,https://github.com/LinShunKang/MyPerf4J.git,3565,2018-03-11T09:58:44Z,1169
ThreeTenABP,JakeWharton/ThreeTenABP,https://github.com/JakeWharton/ThreeTenABP,https://github.com/JakeWharton/ThreeTenABP.git,3558,2015-07-03T17:35:09Z,439
netty-learning,code4craft/netty-learning,https://github.com/code4craft/netty-learning,https://github.com/code4craft/netty-learning.git,3554,2013-09-19T02:24:25Z,3362
MagicaSakura,bilibili/MagicaSakura,https://github.com/bilibili/MagicaSakura,https://github.com/bilibili/MagicaSakura.git,3552,2016-06-23T07:54:59Z,3043
immutables,immutables/immutables,https://github.com/immutables/immutables,https://github.com/immutables/immutables.git,3548,2013-07-07T13:48:23Z,14223
RxAndroidBle,dariuszseweryn/RxAndroidBle,https://github.com/dariuszseweryn/RxAndroidBle,https://github.com/dariuszseweryn/RxAndroidBle.git,3547,2016-02-04T13:42:02Z,2949
concurrency-limits,Netflix/concurrency-limits,https://github.com/Netflix/concurrency-limits,https://github.com/Netflix/concurrency-limits.git,3546,2017-12-11T19:32:41Z,847
parceler,johncarl81/parceler,https://github.com/johncarl81/parceler,https://github.com/johncarl81/parceler.git,3538,2013-07-03T02:53:01Z,1565
NetGuard,M66B/NetGuard,https://github.com/M66B/NetGuard,https://github.com/M66B/NetGuard.git,3535,2015-10-24T17:59:20Z,28783
floatingsearchview,arimorty/floatingsearchview,https://github.com/arimorty/floatingsearchview,https://github.com/arimorty/floatingsearchview.git,3534,2015-11-22T02:38:32Z,7915
proguard,Guardsquare/proguard,https://github.com/Guardsquare/proguard,https://github.com/Guardsquare/proguard.git,3533,2019-03-27T16:35:35Z,7089
spring-cloud-kubernetes,spring-cloud/spring-cloud-kubernetes,https://github.com/spring-cloud/spring-cloud-kubernetes,https://github.com/spring-cloud/spring-cloud-kubernetes.git,3532,2016-12-13T21:36:25Z,61353
retrolambda,luontola/retrolambda,https://github.com/luontola/retrolambda,https://github.com/luontola/retrolambda.git,3527,2013-07-20T07:25:22Z,1063
Music-Player,andremion/Music-Player,https://github.com/andremion/Music-Player,https://github.com/andremion/Music-Player.git,3523,2016-05-06T21:55:37Z,24772
sndcpy,rom1v/sndcpy,https://github.com/rom1v/sndcpy,https://github.com/rom1v/sndcpy.git,3519,2020-06-09T19:36:57Z,171
JavaEETest,lenve/JavaEETest,https://github.com/lenve/JavaEETest,https://github.com/lenve/JavaEETest.git,3515,2016-12-13T02:13:58Z,27714
12306,nageoffer/12306,https://github.com/nageoffer/12306,https://github.com/nageoffer/12306.git,3510,2023-05-30T04:08:28Z,1978
openj9,eclipse-openj9/openj9,https://github.com/eclipse-openj9/openj9,https://github.com/eclipse-openj9/openj9.git,3509,2017-08-25T13:46:07Z,211528
SAI,Aefyr/SAI,https://github.com/Aefyr/SAI,https://github.com/Aefyr/SAI.git,3508,2018-12-14T19:22:27Z,8307
RecyclerViewPager,lsjwzh/RecyclerViewPager,https://github.com/lsjwzh/RecyclerViewPager,https://github.com/lsjwzh/RecyclerViewPager.git,3506,2015-01-17T18:30:34Z,3248
Store,nytimes/Store,https://github.com/nytimes/Store,https://github.com/nytimes/Store.git,3503,2016-11-29T20:17:11Z,2538
SwipeMenuListView,baoyongzhang/SwipeMenuListView,https://github.com/baoyongzhang/SwipeMenuListView,https://github.com/baoyongzhang/SwipeMenuListView.git,3501,2014-08-24T15:40:45Z,1854
GeekNews,codeestX/GeekNews,https://github.com/codeestX/GeekNews,https://github.com/codeestX/GeekNews.git,3500,2016-08-07T14:56:56Z,83845
incubator-kie-optaplanner,apache/incubator-kie-optaplanner,https://github.com/apache/incubator-kie-optaplanner,https://github.com/apache/incubator-kie-optaplanner.git,3491,2011-02-15T19:38:23Z,244716
commafeed,Athou/commafeed,https://github.com/Athou/commafeed,https://github.com/Athou/commafeed.git,3489,2013-03-20T19:32:09Z,20385
LoadSir,KingJA/LoadSir,https://github.com/KingJA/LoadSir,https://github.com/KingJA/LoadSir.git,3486,2017-09-02T08:32:15Z,4024
Toaster,getActivity/Toaster,https://github.com/getActivity/Toaster,https://github.com/getActivity/Toaster.git,3480,2018-09-16T05:28:57Z,55702
migration,phodal/migration,https://github.com/phodal/migration,https://github.com/phodal/migration.git,3477,2020-01-08T02:11:38Z,6167
BottomNavigationViewEx,ittianyu/BottomNavigationViewEx,https://github.com/ittianyu/BottomNavigationViewEx,https://github.com/ittianyu/BottomNavigationViewEx.git,3474,2016-11-12T08:39:38Z,1770
my-site,WinterChenS/my-site,https://github.com/WinterChenS/my-site,https://github.com/WinterChenS/my-site.git,3474,2018-05-03T09:05:37Z,6380
